country,subnational1,threshold,area_ha,extent_2000_ha,extent_2010_ha,gain_2000-2020_ha,tc_loss_ha_2001,tc_loss_ha_2002,tc_loss_ha_2003,tc_loss_ha_2004,tc_loss_ha_2005,tc_loss_ha_2006,tc_loss_ha_2007,tc_loss_ha_2008,tc_loss_ha_2009,tc_loss_ha_2010,tc_loss_ha_2011,tc_loss_ha_2012,tc_loss_ha_2013,tc_loss_ha_2014,tc_loss_ha_2015,tc_loss_ha_2016,tc_loss_ha_2017,tc_loss_ha_2018,tc_loss_ha_2019,tc_loss_ha_2020,tc_loss_ha_2021,tc_loss_ha_2022,tc_loss_ha_2023
Philippines,Abra,0,397148,397148,397148,736,174,223,106,372,319,265,252,124,239,225,105,141,348,358,205,365,416,242,176,168,164,117,354
Philippines,Abra,10,397148,285110,277818,736,172,221,106,371,317,264,251,123,237,225,104,117,248,276,191,351,399,232,169,162,155,107,311
Philippines,Abra,15,397148,279483,269617,736,172,220,106,370,316,264,251,123,237,224,104,116,243,272,190,349,397,230,167,161,153,106,308
Philippines,Abra,20,397148,276613,267399,736,171,219,106,370,316,264,250,123,237,224,104,115,239,268,189,349,395,229,166,161,152,105,307
Philippines,Abra,25,397148,272347,262654,736,171,219,105,370,315,264,250,123,236,223,104,115,236,265,189,348,394,228,166,161,151,105,306
Philippines,Abra,30,397148,266985,258953,736,171,218,105,370,315,264,250,123,236,223,104,114,232,260,186,345,391,224,165,159,149,104,301
Philippines,Abra,50,397148,244286,235622,736,166,208,104,365,312,262,245,122,232,220,103,110,217,240,180,335,379,217,160,154,142,97,287
Philippines,Abra,75,397148,200076,190002,736,151,176,99,346,294,252,228,115,214,206,98,99,178,184,135,277,304,170,132,118,110,75,224
Philippines,Agusan del Norte,0,299205,299205,299205,1481,461,418,339,986,537,663,442,319,742,994,595,900,517,2379,1820,2005,1985,1011,1216,992,1080,678,636
Philippines,Agusan del Norte,10,299205,250910,255128,1481,459,417,338,985,536,663,441,318,742,994,594,892,493,2277,1746,1900,1884,974,1139,928,1013,629,585
Philippines,Agusan del Norte,15,299205,246840,250784,1481,458,417,337,984,536,663,441,318,741,993,594,891,491,2267,1734,1888,1871,969,1132,919,1005,625,578
Philippines,Agusan del Norte,20,299205,244752,249648,1481,458,417,337,984,536,663,441,318,741,993,593,891,488,2259,1727,1880,1863,966,1125,914,1001,621,574
Philippines,Agusan del Norte,25,299205,243219,246837,1481,458,417,337,984,536,662,441,318,741,993,593,890,488,2255,1725,1877,1858,965,1122,912,997,619,572
Philippines,Agusan del Norte,30,299205,239341,243904,1481,458,417,337,984,535,662,441,318,740,993,593,890,484,2237,1707,1856,1836,957,1107,901,985,612,562
Philippines,Agusan del Norte,50,299205,226226,229135,1481,457,416,335,981,533,660,438,317,738,991,591,885,472,2182,1670,1801,1783,935,1061,867,951,592,536
Philippines,Agusan del Norte,75,299205,191575,199632,1481,439,405,326,957,517,642,430,304,713,965,570,843,414,1860,1448,1515,1523,833,903,743,808,507,445
Philippines,Agusan del Sur,0,858459,858459,858459,3876,3100,2984,1715,6124,3600,3530,3655,3105,4294,6175,4866,6441,2780,13136,9752,10364,12551,7125,7247,5638,4941,4145,3399
Philippines,Agusan del Sur,10,858459,790833,786661,3876,3094,2981,1710,6112,3593,3524,3651,3100,4289,6166,4858,6407,2720,12674,9507,10097,12301,6997,7078,5535,4857,4026,3283
Philippines,Agusan del Sur,15,858459,786203,780286,3876,3092,2980,1709,6109,3592,3523,3650,3100,4288,6164,4856,6403,2717,12644,9486,10078,12280,6988,7065,5527,4852,4019,3276
Philippines,Agusan del Sur,20,858459,783233,778507,3876,3091,2979,1708,6108,3591,3523,3649,3099,4286,6163,4855,6401,2714,12621,9469,10063,12260,6978,7054,5517,4847,4013,3270
Philippines,Agusan del Sur,25,858459,781458,775292,3876,3090,2979,1708,6106,3590,3522,3649,3099,4286,6162,4854,6399,2712,12609,9461,10055,12252,6973,7047,5514,4844,4010,3266
Philippines,Agusan del Sur,30,858459,777028,770148,3876,3089,2978,1707,6104,3589,3521,3648,3098,4284,6159,4852,6397,2708,12569,9433,10026,12222,6959,7027,5500,4834,3996,3251
Philippines,Agusan del Sur,50,858459,759516,744850,3876,3079,2971,1702,6085,3578,3511,3639,3091,4268,6139,4840,6374,2692,12446,9348,9925,12111,6906,6958,5452,4801,3958,3220
Philippines,Agusan del Sur,75,858459,692041,686339,3876,2993,2909,1655,5885,3469,3401,3560,3016,4125,5962,4699,6199,2570,11460,8547,9123,11208,6471,6458,5094,4563,3711,2970
Philippines,Aklan,0,166435,166435,166435,295,172,115,77,231,105,284,119,402,120,193,37,342,186,305,60,449,317,151,343,222,73,242,105
Philippines,Aklan,10,166435,125985,122508,295,170,112,75,229,104,280,117,396,118,191,36,331,164,246,50,342,275,130,275,174,54,198,78
Philippines,Aklan,15,166435,122614,119286,295,170,112,75,228,104,279,116,394,118,191,36,330,161,240,48,328,267,126,262,167,51,191,73
Philippines,Aklan,20,166435,120892,118605,295,170,111,75,226,103,279,116,394,118,191,36,329,159,237,47,323,263,124,258,165,50,188,72
Philippines,Aklan,25,166435,120109,117223,295,170,111,75,226,103,278,115,394,118,191,36,328,159,236,47,321,262,123,256,164,50,188,71
Philippines,Aklan,30,166435,115389,114925,295,170,111,74,225,102,277,115,392,118,190,35,325,150,223,42,287,238,108,228,150,44,173,64
Philippines,Aklan,50,166435,107122,101111,295,168,108,72,221,100,273,113,387,116,187,35,319,145,210,40,260,224,100,205,139,41,163,58
Philippines,Aklan,75,166435,75297,77513,295,148,92,58,182,85,226,94,327,102,162,30,269,99,126,20,143,137,59,103,70,20,97,30
Philippines,Albay,0,251364,251364,251364,628,345,87,177,273,307,2224,556,133,569,1188,159,196,115,415,17,83,955,135,129,380,220,108,115
Philippines,Albay,10,251364,183248,186211,628,345,86,174,271,303,2218,554,133,566,1176,158,188,68,371,15,66,843,109,115,341,199,99,101
Philippines,Albay,15,251364,178922,180873,628,344,86,174,270,302,2217,553,133,565,1173,158,188,66,367,15,66,828,106,112,337,197,97,99
Philippines,Albay,20,251364,176715,179676,628,344,86,174,270,302,2216,553,133,565,1172,158,187,64,364,15,65,823,105,112,335,196,97,99
Philippines,Albay,25,251364,175306,177128,628,344,86,174,270,302,2216,553,133,565,1171,158,187,63,363,15,65,819,104,112,335,195,97,99
Philippines,Albay,30,251364,170493,173530,628,344,86,174,270,302,2214,552,132,563,1168,158,186,60,354,14,63,782,101,109,327,187,94,96
Philippines,Albay,50,251364,158009,156064,628,340,84,172,267,297,2206,548,131,559,1139,157,183,53,344,14,61,752,94,105,311,183,92,91
Philippines,Albay,75,251364,114584,120417,628,317,74,151,244,274,2078,501,121,514,967,148,168,34,274,10,40,510,60,75,221,132,66,71
Philippines,Antique,0,273592,273592,273592,514,354,128,57,146,104,218,91,345,154,478,38,243,161,125,28,264,121,34,91,53,51,139,143
Philippines,Antique,10,273592,166226,165535,514,347,124,56,144,103,215,90,341,150,469,37,192,139,60,22,216,105,29,77,42,42,119,58
Philippines,Antique,15,273592,161659,159594,514,346,123,56,144,103,214,89,340,149,467,37,191,137,57,21,211,103,29,74,41,41,115,56
Philippines,Antique,20,273592,159207,158377,514,345,122,56,144,102,214,89,339,148,465,37,190,137,57,21,210,103,28,73,41,41,114,56
Philippines,Antique,25,273592,156801,155802,514,344,122,56,144,102,213,89,339,148,463,37,190,136,55,21,209,102,28,73,41,41,114,56
Philippines,Antique,30,273592,152903,151966,514,342,121,56,143,102,213,88,338,147,461,37,189,135,53,20,203,99,27,71,38,38,109,54
Philippines,Antique,50,273592,137832,132735,514,313,110,53,139,100,208,86,329,142,425,37,180,132,48,19,191,95,26,67,36,36,104,51
Philippines,Antique,75,273592,100777,100905,514,220,71,46,118,85,179,69,285,115,310,35,151,113,33,11,136,71,18,44,26,23,74,40
Philippines,Apayao,0,391368,391368,391368,280,974,831,1033,1641,1426,1875,2244,1108,2005,1533,1096,949,2018,1915,2324,4505,4471,5740,1885,2282,2476,2117,2210
Philippines,Apayao,10,391368,356501,352222,280,972,829,1031,1638,1423,1873,2241,1106,2001,1530,1091,922,1910,1769,2178,4220,4203,5410,1779,2153,2321,2012,2075
Philippines,Apayao,15,391368,354642,349755,280,971,829,1030,1638,1422,1872,2240,1106,2000,1529,1091,918,1894,1743,2146,4171,4157,5355,1758,2130,2302,1990,2054
Philippines,Apayao,20,391368,353686,348889,280,971,829,1029,1637,1421,1872,2239,1106,1999,1528,1090,917,1885,1729,2135,4151,4134,5330,1749,2119,2288,1980,2045
Philippines,Apayao,25,391368,353051,347558,280,971,829,1029,1637,1421,1872,2239,1106,1999,1528,1090,916,1883,1724,2128,4140,4123,5317,1743,2113,2281,1976,2040
Philippines,Apayao,30,391368,350900,345581,280,971,829,1029,1637,1421,1871,2238,1105,1998,1527,1089,911,1862,1689,2089,4066,4058,5226,1708,2079,2245,1945,2007
Philippines,Apayao,50,391368,344400,336285,280,968,827,1026,1632,1415,1867,2231,1101,1991,1523,1085,900,1809,1611,1989,3883,3880,5025,1628,1989,2147,1867,1921
Philippines,Apayao,75,391368,317533,313847,280,947,812,999,1593,1365,1820,2160,1059,1901,1461,1044,829,1399,1150,1420,2802,2856,3954,1155,1516,1633,1410,1443
Philippines,Aurora,0,304110,304110,304110,659,287,351,679,554,724,1016,924,492,642,495,606,619,553,371,348,507,346,455,207,383,515,329,416
Philippines,Aurora,10,304110,279932,277774,659,287,350,678,553,722,1014,923,491,642,494,606,608,535,337,339,470,333,428,202,372,495,320,399
Philippines,Aurora,15,304110,278613,275990,659,286,350,678,553,722,1014,923,491,642,493,606,607,533,334,338,467,330,425,201,371,494,319,398
Philippines,Aurora,20,304110,277971,275583,659,286,350,678,553,721,1013,922,490,642,493,606,607,532,333,337,465,330,423,201,370,492,319,397
Philippines,Aurora,25,304110,277397,274630,659,286,350,678,553,721,1013,922,490,642,493,606,607,531,332,337,464,329,421,201,370,492,318,396
Philippines,Aurora,30,304110,275490,273139,659,286,350,678,552,721,1012,922,490,642,493,606,607,527,328,333,458,324,416,199,366,486,315,392
Philippines,Aurora,50,304110,271232,263468,659,286,349,676,552,719,1011,920,489,640,492,604,603,522,322,329,449,318,404,197,361,479,311,386
Philippines,Aurora,75,304110,253762,242296,659,276,342,660,541,701,981,895,480,620,478,590,582,489,285,295,387,273,343,174,318,423,275,350
Philippines,Basilan,0,136890,136890,136890,286,114,473,426,401,123,414,818,262,657,342,392,276,383,594,258,1291,545,910,860,258,358,407,274
Philippines,Basilan,10,136890,126303,125318,286,113,468,425,400,123,414,816,262,656,340,392,276,378,573,244,1265,529,894,852,252,345,387,271
Philippines,Basilan,15,136890,125670,124369,286,113,468,424,400,123,414,816,262,656,339,392,276,378,571,243,1263,526,893,851,252,344,386,270
Philippines,Basilan,20,136890,125283,123979,286,113,467,424,400,123,413,815,262,656,339,392,276,378,569,242,1262,525,892,850,251,343,385,270
Philippines,Basilan,25,136890,125064,123539,286,113,467,424,400,123,413,815,262,656,339,392,276,377,569,241,1261,525,891,850,251,343,384,270
Philippines,Basilan,30,136890,124469,122854,286,113,467,424,400,122,413,815,261,655,339,392,276,377,565,239,1258,521,890,848,251,341,382,270
Philippines,Basilan,50,136890,122008,118929,286,113,464,422,399,122,412,811,261,654,337,391,275,373,557,234,1243,516,883,842,248,338,378,266
Philippines,Basilan,75,136890,103209,104478,286,110,435,394,372,117,394,758,250,627,316,378,264,336,467,199,1106,444,794,767,218,303,308,238
Philippines,Bataan,0,131690,131690,131690,1642,89,58,76,105,113,182,112,30,138,155,75,235,25,51,29,81,112,80,47,52,111,137,524
Philippines,Bataan,10,131690,74573,79766,1642,88,56,74,104,111,179,111,30,135,154,74,202,15,33,23,61,87,68,39,42,84,100,260
Philippines,Bataan,15,131690,73190,76882,1642,88,56,74,104,111,179,111,30,135,154,74,201,15,33,22,60,86,68,39,41,83,98,255
Philippines,Bataan,20,131690,72374,76345,1642,87,56,74,104,111,179,111,30,135,153,74,200,15,32,22,60,85,68,39,40,83,97,252
Philippines,Bataan,25,131690,71558,75003,1642,87,55,73,104,111,179,111,30,134,153,74,199,15,32,22,60,85,67,39,40,82,96,245
Philippines,Bataan,30,131690,70611,73685,1642,87,55,73,104,110,179,111,30,134,153,74,199,15,32,22,60,84,67,39,40,81,96,238
Philippines,Bataan,50,131690,66707,65972,1642,84,53,72,103,109,177,110,30,130,152,74,191,15,31,21,58,81,65,37,38,75,90,212
Philippines,Bataan,75,131690,54523,54045,1642,74,46,69,98,101,165,102,28,114,137,71,162,11,21,16,47,60,49,25,29,47,64,123
Philippines,Batanes,0,20763,20763,20763,18,105,56,31,0,0,0,0,0,0,91,0,0,0,264,0,0,172,12,14,5,36,11,11
Philippines,Batanes,10,20763,12775,11758,18,102,49,30,0,0,0,0,0,0,86,0,0,0,156,0,0,162,10,13,5,33,10,10
Philippines,Batanes,15,20763,12426,11446,18,102,48,30,0,0,0,0,0,0,85,0,0,0,149,0,0,161,10,13,5,33,10,10
Philippines,Batanes,20,20763,12156,11349,18,102,48,30,0,0,0,0,0,0,84,0,0,0,144,0,0,160,10,13,5,33,10,9
Philippines,Batanes,25,20763,12023,11254,18,102,48,30,0,0,0,0,0,0,84,0,0,0,141,0,0,160,9,13,5,33,10,9
Philippines,Batanes,30,20763,11649,11038,18,101,47,30,0,0,0,0,0,0,83,0,0,0,136,0,0,159,9,13,5,32,10,9
Philippines,Batanes,50,20763,10916,10127,18,100,44,29,0,0,0,0,0,0,78,0,0,0,120,0,0,156,8,13,4,32,10,9
Philippines,Batanes,75,20763,8892,8509,18,91,33,26,0,0,0,0,0,0,67,0,0,0,86,0,0,147,6,11,4,28,7,8
Philippines,Batangas,0,322047,322047,322047,1385,395,371,348,127,371,301,246,124,474,1690,10,651,349,849,207,446,454,271,192,261,176,186,382
Philippines,Batangas,10,322047,160331,168397,1385,372,352,339,123,358,288,236,118,460,1632,10,363,166,463,145,358,348,204,145,205,136,143,239
Philippines,Batangas,15,322047,157954,161593,1385,369,349,338,122,355,287,234,118,458,1623,10,361,164,458,144,356,344,202,144,204,134,142,235
Philippines,Batangas,20,322047,156093,159851,1385,367,347,337,121,353,286,233,117,456,1615,10,359,162,453,142,354,341,200,143,203,133,141,232
Philippines,Batangas,25,322047,153918,156700,1385,363,346,336,121,352,285,232,117,455,1610,10,357,162,450,141,352,339,199,143,202,132,139,230
Philippines,Batangas,30,322047,151335,153489,1385,360,344,335,121,351,284,232,116,454,1605,10,355,159,444,139,348,335,198,142,201,131,138,227
Philippines,Batangas,50,322047,140178,131265,1385,328,325,325,117,341,275,225,113,441,1546,10,340,149,411,130,335,320,190,136,191,124,133,214
Philippines,Batangas,75,322047,101088,93325,1385,237,259,285,99,288,235,190,98,376,1278,10,292,109,282,86,233,230,136,95,124,84,102,155
Philippines,Benguet,0,263932,263932,263932,203,64,371,55,131,134,209,135,59,473,363,91,107,89,138,14,141,156,71,54,53,43,38,85
Philippines,Benguet,10,263932,206963,199862,203,64,367,55,129,133,206,134,58,467,360,91,100,68,105,13,133,147,60,48,48,39,35,76
Philippines,Benguet,15,263932,202512,194244,203,64,366,55,129,133,206,133,58,466,360,90,99,67,101,13,133,145,60,48,48,38,34,74
Philippines,Benguet,20,263932,200557,192923,203,64,365,55,129,132,206,133,58,465,360,90,99,67,99,13,132,144,60,48,47,38,34,73
Philippines,Benguet,25,263932,198221,189494,203,64,365,55,129,132,206,133,58,464,359,90,99,66,97,13,132,143,59,47,47,38,34,73
Philippines,Benguet,30,263932,194282,186522,203,63,364,55,129,132,205,133,58,464,359,90,98,65,94,13,131,141,58,47,47,37,33,72
Philippines,Benguet,50,263932,177048,165539,203,63,352,53,126,129,202,129,56,453,351,89,95,60,81,12,123,133,55,44,45,35,31,67
Philippines,Benguet,75,263932,132698,125639,203,54,278,45,115,108,180,108,46,384,293,83,81,46,52,7,86,98,39,33,33,27,23,48
Philippines,Biliran,0,53441,53441,53441,130,38,21,30,24,48,34,55,27,47,124,21,17,89,140,39,47,143,121,14,183,18,7,7
Philippines,Biliran,10,53441,45272,45542,130,38,21,30,24,48,34,55,27,47,123,21,17,84,127,34,38,135,114,12,154,17,6,5
Philippines,Biliran,15,53441,44681,45003,130,38,21,30,24,48,34,55,27,47,123,21,17,84,125,34,37,135,113,11,153,17,6,5
Philippines,Biliran,20,53441,44397,44897,130,38,21,30,24,48,33,55,27,47,123,21,17,83,125,34,37,134,112,11,151,17,6,5
Philippines,Biliran,25,53441,44207,44668,130,38,21,30,24,48,33,55,27,47,123,21,16,83,124,34,36,132,111,11,151,17,6,5
Philippines,Biliran,30,53441,43682,44268,130,38,21,30,24,48,33,55,27,46,123,21,16,82,123,34,36,131,110,11,148,16,6,5
Philippines,Biliran,50,53441,41939,42374,130,38,21,29,23,48,33,55,27,46,122,21,16,82,121,33,33,128,108,11,145,16,6,5
Philippines,Biliran,75,53441,36091,38018,130,36,19,26,22,44,32,51,25,44,112,20,16,73,109,28,24,110,94,9,115,14,6,4
Philippines,Bohol,0,397837,397837,397837,2929,319,158,83,338,252,327,433,84,475,623,329,384,223,247,118,545,738,226,113,250,263,3097,182
Philippines,Bohol,10,397837,225623,225159,2929,308,147,80,322,232,308,410,82,454,599,326,335,109,150,82,375,622,148,91,157,213,2452,127
Philippines,Bohol,15,397837,217093,216112,2929,306,145,79,320,229,304,406,81,451,595,325,333,105,145,80,360,607,143,89,151,211,2404,124
Philippines,Bohol,20,397837,212174,212620,2929,304,144,79,318,226,301,401,81,448,591,325,332,103,142,78,351,598,139,88,147,208,2374,122
Philippines,Bohol,25,397837,209044,208536,2929,302,143,79,316,225,299,399,81,447,589,324,331,103,141,78,346,595,137,87,145,207,2362,119
Philippines,Bohol,30,397837,202043,203494,2929,300,142,79,315,223,298,397,81,445,585,323,330,99,136,74,335,583,131,86,139,203,2309,115
Philippines,Bohol,50,397837,177961,176105,2929,276,131,74,296,206,273,366,76,421,549,316,317,88,124,64,288,541,112,76,119,185,2157,100
Philippines,Bohol,75,397837,111527,126753,2929,194,93,59,223,145,207,262,62,329,411,273,262,53,72,36,146,350,60,43,66,102,1417,60
Philippines,Bukidnon,0,910081,910081,910081,11434,483,538,208,756,776,955,1320,505,972,2776,720,1096,1394,2141,1693,4515,2838,1703,1597,1687,911,1157,1275
Philippines,Bukidnon,10,910081,544050,546020,11434,472,527,204,743,768,943,1307,499,958,2748,697,1003,761,1603,1402,3829,2237,1290,1286,1295,675,863,901
Philippines,Bukidnon,15,910081,524823,516490,11434,470,525,203,741,767,941,1305,499,956,2742,694,999,742,1565,1381,3773,2188,1262,1263,1275,659,844,874
Philippines,Bukidnon,20,910081,514476,510574,11434,470,523,202,739,765,939,1303,497,954,2739,692,996,730,1546,1369,3742,2163,1245,1250,1262,651,831,860
Philippines,Bukidnon,25,910081,507128,498576,11434,469,522,202,737,764,938,1302,497,952,2736,690,994,724,1534,1362,3724,2148,1234,1243,1253,645,824,852
Philippines,Bukidnon,30,910081,493922,483531,11434,468,521,201,736,762,937,1301,496,950,2731,689,990,712,1508,1347,3677,2114,1212,1223,1232,636,808,834
Philippines,Bukidnon,50,910081,438041,416774,11434,453,503,195,715,742,913,1277,487,919,2670,668,953,656,1392,1287,3506,1969,1115,1145,1149,588,741,753
Philippines,Bukidnon,75,910081,334245,310844,11434,386,428,166,608,648,795,1148,438,782,2331,569,810,504,976,1021,2754,1472,819,854,880,430,550,534
Philippines,Bulacan,0,255689,255689,255689,1126,302,259,180,209,314,319,424,138,404,581,102,576,249,264,143,381,313,245,152,193,201,173,231
Philippines,Bulacan,10,255689,133924,133607,1126,298,254,178,204,308,314,419,137,394,578,102,379,167,166,127,341,267,204,130,158,169,144,168
Philippines,Bulacan,15,255689,130478,128511,1126,297,253,177,203,307,314,417,137,392,576,102,377,165,163,126,339,265,202,129,156,167,142,164
Philippines,Bulacan,20,255689,128327,127354,1126,296,251,177,203,306,314,416,137,391,575,102,376,163,161,125,338,264,201,128,154,166,141,161
Philippines,Bulacan,25,255689,126272,124816,1126,295,251,177,202,306,313,415,137,390,575,102,375,161,159,125,337,263,200,128,153,165,140,156
Philippines,Bulacan,30,255689,124253,122937,1126,294,250,177,202,306,313,414,137,389,574,102,374,160,156,123,335,262,199,127,151,164,139,152
Philippines,Bulacan,50,255689,116707,111903,1126,272,237,173,196,298,308,402,135,376,563,101,361,153,145,119,326,254,192,124,144,157,133,141
Philippines,Bulacan,75,255689,100098,95150,1126,170,190,151,172,269,285,353,124,313,506,98,319,132,113,96,273,212,142,99,110,116,102,100
Philippines,Cagayan,0,881746,881746,881746,2060,524,1014,1725,1733,1916,2968,3933,1644,2665,3413,1923,2227,2088,1569,1539,2214,2340,5100,817,1818,1909,1308,1965
Philippines,Cagayan,10,881746,549277,545004,2060,515,1000,1690,1711,1890,2914,3902,1638,2619,3344,1898,2054,1694,1167,1421,2055,2087,4758,771,1671,1746,1212,1764
Philippines,Cagayan,15,881746,541568,532287,2060,514,997,1682,1707,1885,2904,3896,1637,2609,3330,1892,2045,1677,1147,1410,2039,2069,4725,768,1660,1732,1203,1749
Philippines,Cagayan,20,881746,537287,529277,2060,513,996,1678,1705,1881,2897,3891,1635,2604,3321,1890,2036,1668,1137,1405,2032,2057,4709,765,1652,1722,1198,1738
Philippines,Cagayan,25,881746,533397,521940,2060,512,994,1675,1703,1879,2893,3887,1634,2600,3314,1887,2031,1663,1132,1403,2030,2052,4703,764,1649,1717,1197,1734
Philippines,Cagayan,30,881746,526099,514785,2060,511,993,1671,1700,1876,2886,3881,1633,2594,3307,1884,2022,1641,1106,1385,2000,2023,4641,758,1634,1698,1182,1710
Philippines,Cagayan,50,881746,503380,477212,2060,504,983,1645,1682,1858,2850,3857,1626,2564,3250,1863,1985,1586,1046,1344,1945,1948,4540,742,1589,1638,1147,1644
Philippines,Cagayan,75,881746,448728,417652,2060,471,925,1505,1576,1736,2611,3623,1561,2342,2913,1721,1781,1311,783,1065,1544,1564,3813,630,1327,1329,917,1313
Philippines,Camarines Norte,0,210990,210990,210990,455,320,116,127,272,251,504,387,662,503,586,96,569,238,437,256,750,700,585,432,559,260,290,425
Philippines,Camarines Norte,10,210990,177847,173623,455,319,115,127,271,250,503,386,661,502,585,96,560,229,389,249,702,671,561,410,543,251,281,387
Philippines,Camarines Norte,15,210990,175561,171207,455,319,115,127,271,250,503,386,661,502,584,96,560,228,385,248,697,667,557,407,539,248,280,382
Philippines,Camarines Norte,20,210990,174383,170816,455,319,115,127,271,250,503,386,661,501,584,96,560,228,383,247,694,665,555,405,538,247,279,379
Philippines,Camarines Norte,25,210990,173882,170080,455,319,115,127,271,250,503,386,661,501,584,96,559,227,383,247,694,664,555,405,537,247,279,378
Philippines,Camarines Norte,30,210990,170146,168679,455,319,115,127,271,250,502,386,660,501,584,96,558,224,370,243,676,650,545,395,528,242,272,366
Philippines,Camarines Norte,50,210990,164666,159418,455,317,115,126,269,248,501,385,658,499,582,96,555,222,363,239,660,636,535,385,518,237,268,355
Philippines,Camarines Norte,75,210990,140718,138439,455,306,110,121,257,238,484,373,638,481,564,93,532,199,308,209,569,546,455,318,443,199,231,292
Philippines,Camarines Sur,0,529928,529928,529928,1361,527,207,291,430,658,1083,1237,481,764,1657,279,943,609,971,260,776,2220,495,725,695,703,364,412
Philippines,Camarines Sur,10,529928,370728,377765,1361,521,205,284,426,654,1079,1228,478,762,1644,279,862,410,675,226,712,1867,420,618,635,593,338,361
Philippines,Camarines Sur,15,529928,363017,366631,1361,520,205,284,426,653,1078,1227,478,761,1641,279,860,404,659,222,705,1838,411,608,627,586,334,357
Philippines,Camarines Sur,20,529928,359273,364431,1361,519,204,283,425,652,1078,1226,477,760,1639,279,859,401,654,221,702,1827,408,605,623,584,332,355
Philippines,Camarines Sur,25,529928,356904,359153,1361,518,204,283,425,652,1078,1226,477,760,1637,279,858,399,652,221,701,1822,406,603,622,582,332,354
Philippines,Camarines Sur,30,529928,348080,352457,1361,517,204,282,423,650,1075,1224,477,759,1634,278,855,387,625,214,680,1768,396,582,607,560,323,345
Philippines,Camarines Sur,50,529928,327653,320163,1361,507,200,276,418,643,1068,1214,474,752,1609,277,847,374,595,210,662,1709,380,562,591,541,314,333
Philippines,Camarines Sur,75,529928,261138,259894,1361,452,183,241,383,589,1010,1120,447,698,1459,262,779,296,453,169,527,1320,293,443,473,401,248,268
Philippines,Camiguin,0,24406,24406,24406,36,6,23,3,7,17,10,8,8,11,38,12,8,4,6,3,53,16,2,2,12,10,3,6
Philippines,Camiguin,10,24406,21638,22561,36,6,23,3,7,17,10,8,8,11,37,12,8,4,4,2,40,13,1,2,6,8,2,5
Philippines,Camiguin,15,24406,21450,22388,36,6,23,3,6,17,10,8,8,11,37,12,7,4,4,2,39,13,1,2,6,7,2,4
Philippines,Camiguin,20,24406,21305,22351,36,6,23,3,6,17,10,8,8,11,37,12,7,4,4,2,39,13,1,2,6,7,2,4
Philippines,Camiguin,25,24406,21225,22278,36,6,23,3,6,17,10,8,8,11,37,12,7,4,4,2,39,13,1,2,6,7,2,4
Philippines,Camiguin,30,24406,20941,22153,36,6,23,3,6,17,10,8,8,11,37,12,7,4,4,2,37,13,1,2,5,7,2,4
Philippines,Camiguin,50,24406,20054,21410,36,6,23,3,6,16,9,8,8,11,36,12,7,4,4,2,32,13,1,1,5,7,2,4
Philippines,Camiguin,75,24406,16509,19445,36,5,21,3,5,15,9,7,7,10,28,11,6,3,3,1,19,10,1,1,4,5,2,3
Philippines,Capiz,0,265097,265097,265097,1168,210,117,90,184,150,344,387,391,322,244,125,661,780,1248,229,1699,1609,808,822,552,442,667,369
Philippines,Capiz,10,265097,129221,122910,1168,207,113,86,178,144,328,366,377,309,237,115,594,531,736,140,1123,1013,507,532,347,248,440,240
Philippines,Capiz,15,265097,120684,115264,1168,205,113,85,177,143,325,363,373,307,235,113,588,506,697,127,1022,933,469,489,320,220,408,224
Philippines,Capiz,20,265097,117355,113810,1168,205,113,84,176,142,324,359,372,305,234,112,585,497,685,124,998,913,462,479,314,215,400,220
Philippines,Capiz,25,265097,115918,111179,1168,204,113,84,175,142,323,359,371,304,233,112,583,493,679,123,990,906,457,476,311,213,396,219
Philippines,Capiz,30,265097,106637,106507,1168,204,112,83,175,141,321,356,368,301,233,107,577,443,622,97,814,775,396,411,259,171,338,187
Philippines,Capiz,50,265097,93051,88547,1168,199,109,80,170,136,309,339,357,291,227,103,556,405,563,86,709,679,346,358,230,145,295,168
Philippines,Capiz,75,265097,50624,56351,1168,170,86,66,136,109,243,257,290,233,183,80,445,190,236,34,302,273,138,148,114,50,129,70
Philippines,Catanduanes,0,147300,147300,147300,94,257,46,102,1395,165,170,288,98,213,237,77,148,195,258,61,66,672,64,66,36,90,26,20
Philippines,Catanduanes,10,147300,133341,132466,94,256,45,101,1394,165,169,288,97,212,236,77,135,167,229,59,62,648,55,62,33,85,26,19
Philippines,Catanduanes,15,147300,132526,131627,94,256,45,101,1393,165,169,288,97,212,236,77,135,166,226,59,61,646,54,62,33,84,26,18
Philippines,Catanduanes,20,147300,132178,131439,94,256,45,101,1393,165,169,288,97,212,236,77,134,165,226,58,61,642,54,61,32,84,26,18
Philippines,Catanduanes,25,147300,131947,131091,94,256,45,101,1393,165,169,288,97,212,236,77,134,165,225,58,61,641,54,61,32,84,26,18
Philippines,Catanduanes,30,147300,130663,130513,94,256,45,101,1393,165,169,288,96,212,236,77,134,162,222,57,59,629,53,61,32,82,25,18
Philippines,Catanduanes,50,147300,128937,126758,94,256,45,101,1390,165,169,287,96,211,235,76,133,159,219,56,59,621,52,60,31,82,24,18
Philippines,Catanduanes,75,147300,118847,118131,94,252,44,97,1355,161,163,279,93,206,227,75,128,145,189,48,48,533,45,54,29,70,21,16
Philippines,Cavite,0,124385,124385,124385,761,79,63,82,73,146,110,131,46,152,154,2,244,145,288,70,190,139,160,120,55,52,87,91
Philippines,Cavite,10,124385,52346,56173,761,73,57,71,62,126,95,111,42,141,139,2,82,31,104,37,124,90,99,98,32,35,55,54
Philippines,Cavite,15,124385,51110,53317,761,72,57,70,61,125,92,109,41,139,137,2,81,30,102,36,121,89,97,97,31,34,55,52
Philippines,Cavite,20,124385,50360,52696,761,72,56,69,61,123,91,108,41,139,136,2,80,29,101,35,120,88,96,97,31,34,54,52
Philippines,Cavite,25,124385,49549,51342,761,72,56,69,61,123,91,107,41,138,135,2,80,28,100,35,120,87,95,97,31,34,54,52
Philippines,Cavite,30,124385,48684,50126,761,71,56,68,59,122,90,106,41,137,135,2,79,28,98,35,118,86,94,97,30,34,53,52
Philippines,Cavite,50,124385,44833,41734,761,66,51,61,54,112,83,94,36,129,127,2,73,24,91,32,111,81,89,94,29,31,49,48
Philippines,Cavite,75,124385,29398,27605,761,37,32,40,35,84,49,61,20,93,95,2,54,13,51,18,65,43,51,64,15,21,28,31
Philippines,Cebu,0,488161,488161,488161,2579,315,341,194,327,569,478,687,366,1673,1036,486,681,413,390,159,765,1131,441,249,250,275,916,209
Philippines,Cebu,10,488161,253035,212906,2579,303,329,184,307,538,454,649,355,1600,997,474,608,238,278,120,585,872,360,193,182,201,704,159
Philippines,Cebu,15,488161,241237,198875,2579,300,327,183,303,533,451,643,353,1590,991,472,605,230,269,116,567,848,351,186,174,194,684,154
Philippines,Cebu,20,488161,233800,193807,2579,300,325,181,301,529,448,638,351,1580,986,470,602,224,265,114,556,836,346,183,171,191,672,151
Philippines,Cebu,25,488161,226843,186399,2579,298,324,180,298,525,445,635,350,1574,983,469,600,219,261,112,550,828,342,181,168,188,665,149
Philippines,Cebu,30,488161,212568,179456,2579,296,322,179,295,520,442,630,349,1560,978,466,596,207,252,106,525,796,324,171,159,176,632,141
Philippines,Cebu,50,488161,173539,138474,2579,278,298,166,271,477,415,583,331,1463,926,448,572,177,225,95,470,716,286,149,138,150,551,124
Philippines,Cebu,75,488161,83484,69980,2579,204,206,121,183,324,295,378,235,981,669,346,448,98,125,47,245,377,149,75,63,71,266,59
Philippines,Compostela Valley,0,424706,424706,424706,3064,1774,733,573,1979,1373,1658,1476,715,1456,2286,1160,2516,2658,6042,1752,2930,4078,2240,2267,2106,1502,1639,1520
Philippines,Compostela Valley,10,424706,375422,369020,3064,1770,731,571,1975,1369,1655,1471,714,1452,2279,1153,2483,2498,5534,1556,2648,3728,2061,2082,1932,1405,1467,1329
Philippines,Compostela Valley,15,424706,371344,364615,3064,1770,730,570,1974,1369,1654,1470,714,1452,2277,1152,2480,2489,5500,1536,2619,3694,2040,2063,1916,1396,1451,1315
Philippines,Compostela Valley,20,424706,369027,363494,3064,1769,730,569,1973,1368,1654,1469,714,1450,2276,1151,2478,2482,5477,1526,2604,3672,2028,2052,1907,1388,1441,1306
Philippines,Compostela Valley,25,424706,367841,361487,3064,1768,729,569,1972,1368,1653,1468,714,1450,2275,1150,2477,2478,5467,1523,2598,3662,2022,2048,1903,1385,1437,1302
Philippines,Compostela Valley,30,424706,362117,357559,3064,1767,729,569,1971,1367,1652,1467,714,1448,2272,1149,2473,2458,5405,1482,2537,3593,1982,2015,1871,1369,1404,1270
Philippines,Compostela Valley,50,424706,349710,338345,3064,1758,726,566,1963,1361,1641,1460,712,1441,2260,1144,2456,2406,5282,1434,2466,3493,1924,1968,1827,1341,1355,1227
Philippines,Compostela Valley,75,424706,299185,290721,3064,1682,699,539,1891,1305,1562,1393,682,1379,2148,1097,2331,2162,4637,1171,2035,2897,1602,1669,1536,1187,1104,1016
Philippines,Davao Oriental,0,512472,512472,512472,2604,1213,1083,336,1525,1172,1118,1548,671,1892,1927,1057,2301,9896,5661,2220,4797,4472,3775,2341,2261,2897,2153,2894
Philippines,Davao Oriental,10,512472,464791,461709,2604,1207,1076,335,1516,1170,1113,1543,669,1887,1924,1056,2282,9779,5393,2036,4330,4256,3566,2243,2115,2751,2009,2647
Philippines,Davao Oriental,15,512472,460807,457559,2604,1206,1075,335,1514,1169,1112,1543,668,1886,1923,1056,2279,9768,5364,2014,4281,4230,3543,2230,2097,2732,1993,2622
Philippines,Davao Oriental,20,512472,458396,456309,2604,1205,1075,335,1513,1168,1112,1542,668,1884,1922,1055,2278,9761,5351,2002,4253,4216,3526,2224,2086,2721,1982,2607
Philippines,Davao Oriental,25,512472,457239,454136,2604,1204,1074,334,1512,1168,1111,1541,668,1884,1922,1055,2277,9756,5345,1998,4244,4210,3521,2222,2082,2717,1978,2602
Philippines,Davao Oriental,30,512472,452040,450884,2604,1204,1073,334,1511,1167,1110,1540,668,1880,1920,1054,2275,9737,5299,1963,4158,4157,3477,2197,2052,2686,1953,2557
Philippines,Davao Oriental,50,512472,438783,432177,2604,1198,1065,332,1501,1163,1104,1534,665,1871,1911,1050,2265,9684,5217,1901,4000,4078,3408,2157,1998,2634,1898,2481
Philippines,Davao Oriental,75,512472,386539,385033,2604,1144,1004,317,1416,1113,1045,1465,633,1760,1821,1015,2175,9274,4774,1564,3171,3579,2958,1911,1695,2309,1625,2094
Philippines,Davao del Norte,0,348833,348833,348833,3856,558,385,430,709,527,811,935,334,742,1452,623,994,817,1917,1079,2223,3428,1874,1846,2064,1211,2222,1718
Philippines,Davao del Norte,10,348833,267814,266680,3856,554,383,426,705,524,809,932,333,739,1445,620,942,676,1604,949,1932,2927,1642,1609,1795,1023,1680,1453
Philippines,Davao del Norte,15,348833,260113,260584,3856,553,383,426,704,523,807,931,333,738,1443,619,937,663,1569,934,1894,2867,1617,1581,1759,998,1602,1417
Philippines,Davao del Norte,20,348833,256161,258947,3856,552,383,425,704,522,807,930,332,737,1442,618,931,654,1551,923,1874,2834,1596,1567,1735,987,1567,1399
Philippines,Davao del Norte,25,348833,254338,255615,3856,551,382,424,704,522,806,930,332,737,1441,618,930,650,1542,919,1866,2819,1589,1561,1725,983,1558,1392
Philippines,Davao del Norte,30,348833,245131,251136,3856,550,380,424,703,521,805,929,332,736,1439,616,921,622,1485,894,1801,2729,1536,1508,1671,947,1413,1343
Philippines,Davao del Norte,50,348833,226537,228265,3856,545,377,420,697,514,799,922,329,730,1428,609,901,585,1408,860,1710,2585,1459,1442,1582,895,1258,1266
Philippines,Davao del Norte,75,348833,172599,175819,3856,501,348,385,653,473,736,864,309,675,1327,555,814,440,1095,705,1321,1990,1123,1150,1237,741,870,1016
Philippines,Davao del Sur,0,604922,604922,604922,4017,538,489,339,838,554,994,986,505,673,1767,612,979,1023,1744,855,2781,2864,1205,1287,1164,828,1172,880
Philippines,Davao del Sur,10,604922,422699,402260,4017,529,477,334,825,545,978,970,498,664,1745,596,841,531,1142,575,2094,2115,852,960,927,579,844,624
Philippines,Davao del Sur,15,604922,409687,389430,4017,527,475,332,823,543,974,965,496,662,1740,594,837,512,1103,555,2027,2029,819,928,897,551,811,597
Philippines,Davao del Sur,20,604922,403646,386795,4017,526,473,331,822,542,972,964,495,661,1737,593,834,501,1084,548,2004,1993,806,915,886,542,798,588
Philippines,Davao del Sur,25,604922,399972,381096,4017,525,472,331,821,541,971,963,494,659,1734,592,832,494,1074,544,1993,1977,797,908,881,537,792,582
Philippines,Davao del Sur,30,604922,387115,372189,4017,524,471,330,818,540,968,960,494,658,1729,590,827,478,1033,522,1921,1892,763,874,847,506,749,555
Philippines,Davao del Sur,50,604922,354005,329443,4017,511,458,322,803,528,947,942,486,641,1691,579,800,428,957,486,1803,1749,704,806,800,468,687,509
Philippines,Davao del Sur,75,604922,254435,241510,4017,445,398,287,697,461,834,830,432,551,1458,504,659,271,610,321,1200,1142,441,528,531,306,442,323
Philippines,Dinagat Islands,0,80865,80865,80865,285,91,56,19,211,97,172,85,72,141,236,79,149,102,184,253,295,229,54,176,193,178,2644,221
Philippines,Dinagat Islands,10,80865,65336,65828,285,90,55,19,210,96,172,85,72,140,235,78,146,93,165,245,279,194,49,162,177,164,2562,211
Philippines,Dinagat Islands,15,80865,63885,64323,285,90,55,19,210,96,172,85,72,140,235,78,146,90,162,244,276,188,48,158,174,163,2554,209
Philippines,Dinagat Islands,20,80865,62963,63956,285,90,55,19,210,96,172,85,72,140,235,78,146,90,160,243,275,185,47,157,172,162,2548,208
Philippines,Dinagat Islands,25,80865,62398,63258,285,90,55,19,210,96,172,85,72,139,235,78,146,89,160,243,274,185,47,156,171,162,2546,207
Philippines,Dinagat Islands,30,80865,61244,62135,285,90,55,19,210,96,171,85,72,139,235,78,146,88,158,242,272,181,46,153,168,160,2534,206
Philippines,Dinagat Islands,50,80865,56488,56284,285,89,55,19,207,94,169,84,71,138,232,77,144,80,149,236,262,161,42,141,155,154,2498,200
Philippines,Dinagat Islands,75,80865,47278,47818,285,80,48,18,188,83,154,75,67,125,215,72,130,59,125,215,227,120,28,102,117,136,2351,177
Philippines,Eastern Samar,0,427886,427886,427886,317,651,497,471,708,802,732,814,293,1133,954,573,629,5766,6847,1303,949,1256,524,554,2358,548,258,273
Philippines,Eastern Samar,10,427886,405371,401266,317,651,497,470,708,802,731,814,292,1132,953,573,624,5691,6665,1275,905,1224,514,541,2312,532,252,265
Philippines,Eastern Samar,15,427886,403195,399117,317,650,497,469,707,801,731,814,292,1132,952,572,623,5680,6642,1272,899,1222,513,540,2306,531,252,264
Philippines,Eastern Samar,20,427886,401810,398483,317,650,497,469,707,801,731,813,292,1132,952,572,623,5674,6616,1270,893,1219,512,539,2300,530,252,263
Philippines,Eastern Samar,25,427886,401174,397484,317,650,497,469,707,801,731,813,292,1132,952,572,623,5670,6598,1268,891,1218,512,538,2299,530,252,262
Philippines,Eastern Samar,30,427886,398073,395897,317,650,497,469,707,801,731,813,292,1131,952,572,621,5651,6553,1262,879,1208,509,534,2282,526,250,259
Philippines,Eastern Samar,50,427886,390525,384948,317,648,495,467,704,799,729,811,291,1128,948,570,618,5596,6405,1248,855,1191,504,527,2259,521,247,253
Philippines,Eastern Samar,75,427886,355017,362321,317,629,482,451,675,772,701,793,279,1078,915,547,588,5243,5640,1156,747,1028,442,463,2016,457,219,211
Philippines,Guimaras,0,60499,60499,60499,1657,59,19,18,38,34,93,41,37,83,59,42,55,142,64,40,168,303,121,152,98,204,156,161
Philippines,Guimaras,10,60499,26084,25363,1657,58,18,17,37,33,89,38,36,79,56,42,35,65,41,27,102,208,81,98,54,121,76,97
Philippines,Guimaras,15,60499,25174,24055,1657,57,17,17,37,32,89,38,36,78,56,42,35,64,41,26,100,203,80,95,53,117,72,94
Philippines,Guimaras,20,60499,24535,23518,1657,57,17,16,36,32,89,37,36,78,55,42,35,63,40,26,97,199,78,93,52,115,70,91
Philippines,Guimaras,25,60499,24177,22999,1657,56,17,16,35,32,88,37,36,78,55,42,34,63,39,26,97,198,77,93,51,114,69,90
Philippines,Guimaras,30,60499,23372,22398,1657,56,17,16,35,32,87,36,36,77,54,42,34,60,38,25,94,193,75,90,50,110,66,87
Philippines,Guimaras,50,60499,20622,18194,1657,52,15,16,33,30,74,31,35,74,49,41,32,54,34,22,83,171,68,80,42,94,55,74
Philippines,Guimaras,75,60499,9301,10126,1657,39,10,12,23,20,49,19,28,50,32,31,20,23,13,7,27,68,30,32,14,37,16,29
Philippines,Ifugao,0,250333,250333,250333,1103,87,215,228,274,490,384,350,130,409,555,157,294,267,266,252,698,704,549,414,548,666,430,477
Philippines,Ifugao,10,250333,152356,142744,1103,86,210,225,272,476,381,345,129,403,547,155,267,203,166,205,588,600,450,355,461,589,339,389
Philippines,Ifugao,15,250333,147845,137691,1103,85,208,224,271,471,381,343,129,401,544,155,265,199,161,199,575,584,437,347,450,580,328,381
Philippines,Ifugao,20,250333,145859,136438,1103,85,207,224,270,467,380,342,129,400,543,155,264,198,158,197,570,579,431,344,446,576,323,378
Philippines,Ifugao,25,250333,144128,134128,1103,85,207,224,270,466,380,341,128,400,542,155,263,197,157,195,565,574,429,342,444,574,321,375
Philippines,Ifugao,30,250333,140996,131095,1103,84,206,224,269,463,379,340,128,398,540,155,262,195,154,190,552,563,419,336,438,562,314,369
Philippines,Ifugao,50,250333,128952,117121,1103,81,196,220,264,438,374,328,127,387,522,153,252,184,138,174,497,516,384,311,407,527,284,338
Philippines,Ifugao,75,250333,99714,94539,1103,69,161,197,232,337,329,270,112,326,447,139,211,140,81,101,301,317,258,206,286,373,192,221
Philippines,Ilocos Norte,0,337775,337775,337775,372,129,95,51,277,121,177,108,163,191,136,66,129,223,230,101,121,196,93,100,80,105,141,168
Philippines,Ilocos Norte,10,337775,199285,196438,372,127,91,50,275,119,173,106,162,187,135,63,112,180,176,86,109,175,83,91,72,90,122,143
Philippines,Ilocos Norte,15,337775,194935,189876,372,126,90,49,275,118,172,106,162,186,134,63,110,177,172,84,107,172,82,91,71,88,120,141
Philippines,Ilocos Norte,20,337775,192769,188752,372,125,89,49,274,118,172,106,162,185,134,63,110,175,169,84,106,171,82,90,71,88,119,139
Philippines,Ilocos Norte,25,337775,188711,185595,372,125,89,49,274,117,172,106,162,185,134,63,108,173,166,83,106,171,81,90,71,88,119,139
Philippines,Ilocos Norte,30,337775,183942,182384,372,125,88,49,273,117,171,106,162,184,134,63,107,170,162,82,104,169,80,89,70,87,117,136
Philippines,Ilocos Norte,50,337775,168914,164553,372,119,80,47,265,112,166,102,159,179,131,61,98,158,144,75,97,159,75,84,67,81,110,123
Philippines,Ilocos Norte,75,337775,139393,136722,372,105,59,43,237,96,140,89,141,158,119,56,73,125,105,52,74,117,57,62,49,59,81,87
Philippines,Ilocos Sur,0,250402,250402,250402,512,40,78,22,68,71,64,74,56,165,153,44,101,108,164,33,97,65,46,24,25,38,40,37
Philippines,Ilocos Sur,10,250402,148658,142666,512,40,78,22,67,71,63,74,56,164,153,44,94,75,128,30,85,57,41,20,23,35,37,32
Philippines,Ilocos Sur,15,250402,144772,137452,512,40,78,22,67,70,63,74,56,164,153,44,93,73,125,30,84,57,40,19,22,34,36,31
Philippines,Ilocos Sur,20,250402,143113,136329,512,40,77,22,67,70,63,74,56,164,153,44,93,72,124,30,83,57,40,19,22,33,36,31
Philippines,Ilocos Sur,25,250402,140196,133689,512,40,77,22,67,70,63,73,56,164,153,44,93,70,122,30,83,56,40,19,22,33,36,31
Philippines,Ilocos Sur,30,250402,136059,131175,512,40,77,22,67,70,63,73,56,164,153,44,92,69,119,29,82,56,40,19,22,33,36,30
Philippines,Ilocos Sur,50,250402,124323,117073,512,39,75,22,66,69,63,72,54,163,151,43,90,62,106,28,78,54,38,18,22,30,34,28
Philippines,Ilocos Sur,75,250402,97287,87133,512,37,65,21,63,66,57,65,50,154,144,41,85,44,73,21,55,43,29,12,16,23,24,20
Philippines,Iloilo,0,471401,471401,471401,2528,529,222,99,241,304,529,584,566,596,601,194,1546,666,1280,190,1517,1557,999,666,478,404,519,471
Philippines,Iloilo,10,471401,173414,167178,2528,520,213,94,227,291,491,552,539,564,580,179,1402,384,604,129,1023,1040,638,440,267,281,365,272
Philippines,Iloilo,15,471401,164356,156550,2528,518,211,93,225,290,486,546,536,560,577,176,1393,374,575,123,973,988,607,422,254,271,352,260
Philippines,Iloilo,20,471401,160366,154151,2528,517,210,92,224,288,483,543,533,556,574,174,1386,369,562,121,959,974,596,415,249,267,345,255
Philippines,Iloilo,25,471401,157881,150294,2528,516,209,92,223,287,481,540,531,553,573,174,1384,367,558,121,953,968,591,413,247,266,343,253
Philippines,Iloilo,30,471401,148803,144306,2528,515,208,92,222,286,478,538,529,550,571,171,1376,348,521,111,858,880,547,387,228,249,324,232
Philippines,Iloilo,50,471401,131874,121853,2528,495,198,87,213,273,451,515,508,523,551,165,1333,326,470,104,791,808,500,358,208,232,301,214
Philippines,Iloilo,75,471401,73877,79008,2528,403,154,68,166,211,339,405,409,415,439,131,1078,177,221,48,412,386,241,182,100,125,160,104
Philippines,Isabela,0,1028217,1028217,1028217,3189,855,993,6240,461,1356,1725,1389,1420,1551,1854,1026,2981,1451,2030,966,2277,3787,2831,1459,1465,1253,802,886
Philippines,Isabela,10,1028217,542011,545896,3189,840,959,6147,448,1312,1695,1360,1404,1486,1781,1009,2526,828,1105,895,2072,3512,2288,1300,1364,1111,717,730
Philippines,Isabela,15,1028217,534183,533184,3189,836,955,6131,446,1304,1690,1354,1402,1477,1769,1008,2505,815,1076,889,2053,3493,2258,1293,1357,1103,713,720
Philippines,Isabela,20,1028217,529783,530372,3189,835,949,6118,445,1300,1686,1351,1400,1470,1760,1006,2493,807,1063,886,2042,3481,2242,1288,1354,1095,709,715
Philippines,Isabela,25,1028217,526154,525347,3189,833,947,6112,444,1298,1684,1350,1399,1466,1756,1005,2487,804,1056,885,2037,3477,2237,1287,1353,1093,707,712
Philippines,Isabela,30,1028217,519723,517616,3189,831,944,6102,443,1295,1681,1347,1397,1460,1748,1004,2475,789,1023,874,1997,3444,2190,1270,1341,1077,695,698
Philippines,Isabela,50,1028217,501287,486084,3189,814,915,6014,432,1255,1653,1318,1384,1405,1678,991,2386,755,954,853,1927,3362,2102,1238,1317,1039,673,660
Philippines,Isabela,75,1028217,461352,436954,3189,748,806,5588,402,1106,1540,1200,1312,1197,1431,943,2053,597,677,692,1508,2920,1643,1040,1159,819,547,498
Philippines,Kalinga,0,289776,289776,289776,578,156,264,333,295,433,433,504,266,384,647,359,460,612,711,626,1228,1030,777,422,613,462,456,740
Philippines,Kalinga,10,289776,208350,206809,578,155,261,330,293,429,431,500,265,379,636,351,434,529,570,590,1161,963,698,395,573,435,425,671
Philippines,Kalinga,15,289776,203927,202697,578,155,261,330,292,428,431,500,265,378,634,351,431,523,557,583,1139,945,682,388,564,428,420,659
Philippines,Kalinga,20,289776,202347,201597,578,155,261,330,292,427,431,499,265,378,633,350,431,521,553,581,1135,942,678,386,562,426,418,656
Philippines,Kalinga,25,289776,200768,199409,578,155,260,329,291,427,431,499,265,377,632,350,431,519,549,580,1133,940,675,385,562,425,417,654
Philippines,Kalinga,30,289776,197643,196689,578,155,260,329,291,426,430,498,265,377,631,350,430,513,536,567,1101,920,653,376,549,415,408,634
Philippines,Kalinga,50,289776,188857,184582,578,152,258,326,289,421,429,495,264,374,623,348,423,498,513,553,1070,896,629,365,531,403,397,611
Philippines,Kalinga,75,289776,165204,160347,578,144,244,307,268,385,406,466,250,353,572,333,384,416,371,418,806,708,471,280,414,321,322,467
Philippines,La Union,0,146258,146258,146258,379,18,38,13,48,57,46,56,40,125,105,23,52,90,58,24,53,60,41,23,21,12,13,29
Philippines,La Union,10,146258,83829,75465,379,18,38,13,48,57,45,55,39,124,104,23,43,61,47,24,49,57,40,21,20,11,12,26
Philippines,La Union,15,146258,81281,71738,379,18,38,13,48,57,45,55,39,124,104,23,42,60,46,23,48,56,39,21,20,11,12,26
Philippines,La Union,20,146258,80015,71022,379,18,37,13,47,57,45,55,39,124,104,23,42,59,45,23,48,56,39,21,20,11,12,25
Philippines,La Union,25,146258,77976,69375,379,18,37,13,47,56,45,55,39,124,104,23,42,58,45,23,48,56,39,21,20,11,11,25
Philippines,La Union,30,146258,74879,67666,379,18,37,13,47,56,45,55,39,123,104,23,41,56,44,23,48,55,38,21,20,11,11,24
Philippines,La Union,50,146258,67704,58245,379,16,36,13,46,56,44,54,38,122,102,23,40,51,40,22,46,53,37,20,19,10,11,22
Philippines,La Union,75,146258,49746,39508,379,14,32,11,40,52,40,50,36,111,92,22,34,38,25,15,34,40,27,15,14,8,9,17
Philippines,Laguna,0,269664,269664,269664,734,525,188,153,216,274,735,279,385,550,1760,24,472,216,579,58,359,305,241,136,154,131,207,304
Philippines,Laguna,10,269664,123568,122422,734,523,185,151,214,270,729,271,384,544,1750,24,455,151,437,44,287,264,203,119,127,114,188,261
Philippines,Laguna,15,269664,121866,119752,734,523,185,151,214,270,728,271,384,543,1747,24,454,148,431,43,283,262,202,119,126,113,188,259
Philippines,Laguna,20,269664,121023,119132,734,522,185,151,214,270,728,269,384,542,1746,24,453,147,428,43,281,261,201,119,126,112,187,259
Philippines,Laguna,25,269664,120361,117913,734,522,185,151,214,269,727,269,384,541,1745,24,453,146,427,43,279,260,201,119,126,112,187,258
Philippines,Laguna,30,269664,119051,116213,734,522,185,150,214,269,727,269,384,541,1744,24,453,146,423,42,277,259,199,118,125,111,186,257
Philippines,Laguna,50,269664,114059,107365,734,519,182,148,213,267,722,264,382,536,1731,24,450,140,411,41,265,252,194,116,123,110,184,251
Philippines,Laguna,75,269664,94485,89152,734,502,171,138,203,250,688,244,370,506,1634,22,430,115,333,32,201,203,163,99,99,91,156,201
Philippines,Lanao del Norte,0,284092,284092,284092,1333,126,114,143,278,424,334,332,352,419,747,241,469,239,515,581,1224,1277,779,776,677,621,435,449
Philippines,Lanao del Norte,10,284092,225300,228504,1333,125,114,140,277,422,333,331,351,418,744,240,459,209,471,561,1174,1224,728,740,644,584,405,399
Philippines,Lanao del Norte,15,284092,221453,223085,1333,125,113,140,276,422,333,331,351,418,744,239,458,207,463,556,1167,1215,722,734,638,578,402,393
Philippines,Lanao del Norte,20,284092,218972,222187,1333,125,113,140,276,421,332,330,350,418,743,239,457,205,461,555,1162,1209,718,730,635,576,400,389
Philippines,Lanao del Norte,25,284092,217505,219856,1333,125,113,140,276,421,332,330,350,417,743,239,457,204,460,554,1159,1207,716,728,635,575,399,388
Philippines,Lanao del Norte,30,284092,214016,216337,1333,125,113,140,276,421,332,330,350,417,743,238,457,202,453,547,1150,1198,710,725,630,570,395,384
Philippines,Lanao del Norte,50,284092,199208,199033,1333,123,111,136,273,417,330,329,347,415,737,237,452,195,441,538,1127,1174,693,710,617,551,385,367
Philippines,Lanao del Norte,75,284092,158544,161281,1333,110,95,115,246,391,309,312,327,393,695,217,419,165,364,462,986,1014,579,615,541,458,318,294
Philippines,Lanao del Sur,0,387769,387769,387769,1545,247,196,351,440,720,416,1018,612,540,1719,325,432,327,637,545,2435,1949,1003,726,601,549,636,769
Philippines,Lanao del Sur,10,387769,294858,291619,1545,246,195,350,440,719,415,1016,611,539,1716,321,426,271,589,533,2374,1896,959,703,570,496,609,720
Philippines,Lanao del Sur,15,387769,291224,285143,1545,246,195,350,439,718,415,1016,611,538,1715,321,426,268,584,532,2366,1889,954,701,567,493,608,714
Philippines,Lanao del Sur,20,387769,289181,284053,1545,246,195,350,439,718,415,1016,611,538,1715,321,425,266,581,531,2362,1885,951,699,565,490,606,711
Philippines,Lanao del Sur,25,387769,287635,281330,1545,246,195,350,439,718,415,1016,611,538,1715,321,425,265,579,531,2358,1881,949,698,564,488,606,709
Philippines,Lanao del Sur,30,387769,284884,277634,1545,246,195,350,439,718,415,1015,611,538,1714,321,425,264,576,530,2349,1873,945,697,562,486,603,706
Philippines,Lanao del Sur,50,387769,271219,258295,1545,245,193,349,438,716,415,1012,609,536,1709,319,423,256,565,526,2309,1833,930,686,553,471,594,690
Philippines,Lanao del Sur,75,387769,239865,223208,1545,238,184,338,429,696,404,983,600,524,1662,307,409,225,500,488,2090,1678,837,641,508,409,542,615
Philippines,Leyte,0,556146,556146,556146,1947,669,302,395,700,637,550,723,261,952,1862,721,532,8145,17066,709,1441,1316,624,325,503,417,435,415
Philippines,Leyte,10,556146,427296,428551,1947,663,301,391,697,634,547,717,260,949,1853,718,475,7958,16608,590,1219,1204,577,280,444,386,405,365
Philippines,Leyte,15,556146,421044,420326,1947,663,301,391,697,633,546,716,259,948,1851,718,473,7942,16564,584,1207,1196,573,277,439,382,402,361
Philippines,Leyte,20,556146,417054,418228,1947,662,301,391,696,633,546,715,259,947,1849,718,472,7932,16531,581,1200,1191,569,275,436,380,400,359
Philippines,Leyte,25,556146,415019,414753,1947,662,300,390,696,633,546,714,259,947,1848,718,472,7927,16521,579,1197,1187,568,274,435,379,400,358
Philippines,Leyte,30,556146,408155,409167,1947,661,300,390,695,631,546,714,259,946,1846,718,470,7895,16438,569,1170,1171,561,269,426,372,395,354
Philippines,Leyte,50,556146,387242,379723,1947,654,297,385,689,625,543,706,257,937,1829,715,463,7834,16214,547,1122,1140,546,258,409,361,386,340
Philippines,Leyte,75,556146,321972,326053,1947,608,279,359,652,586,511,655,237,879,1702,685,424,7276,14365,441,889,959,454,205,325,287,327,282
Philippines,Maguindanao,0,478401,478401,478401,6285,203,269,328,238,546,445,714,459,772,2619,367,794,620,1100,814,1711,1440,1198,1015,1263,533,841,970
Philippines,Maguindanao,10,478401,242492,254403,6285,197,262,323,232,538,440,700,455,763,2592,363,711,402,854,626,1362,1211,985,849,1046,351,677,751
Philippines,Maguindanao,15,478401,228467,237181,6285,196,261,322,230,537,438,697,455,760,2584,361,706,385,832,614,1317,1186,964,836,1025,337,664,734
Philippines,Maguindanao,20,478401,221661,234250,6285,195,260,321,230,535,437,696,454,759,2578,361,704,379,821,605,1296,1171,950,827,1014,331,657,724
Philippines,Maguindanao,25,478401,217440,226690,6285,195,259,320,229,535,437,695,454,758,2575,360,702,375,813,601,1289,1163,944,822,1007,327,654,717
Philippines,Maguindanao,30,478401,207723,216826,6285,194,258,319,229,533,435,694,453,756,2570,359,698,364,796,588,1247,1128,899,810,991,307,633,704
Philippines,Maguindanao,50,478401,170607,173781,6285,189,248,309,221,518,427,671,445,737,2516,349,675,335,744,549,1164,1055,828,759,919,276,592,640
Philippines,Maguindanao,75,478401,111120,109458,6285,158,210,266,189,437,369,556,393,636,2172,295,568,244,554,396,879,773,605,581,682,195,452,481
Philippines,Marinduque,0,92932,92932,92932,446,131,103,24,161,111,181,106,123,64,428,12,259,15,235,45,171,264,61,121,52,54,43,43
Philippines,Marinduque,10,92932,75198,75889,446,131,101,24,160,110,180,106,122,64,424,12,247,12,117,38,148,243,52,98,44,48,40,36
Philippines,Marinduque,15,92932,74377,74842,446,130,101,24,160,110,180,106,122,64,423,12,247,12,114,38,146,241,51,96,44,47,39,35
Philippines,Marinduque,20,92932,73904,74528,446,130,101,24,160,110,180,106,122,64,423,12,247,12,112,37,146,240,51,95,44,47,39,35
Philippines,Marinduque,25,92932,73584,73943,446,130,101,24,160,109,180,106,122,64,422,12,247,12,112,37,145,239,51,95,44,47,39,35
Philippines,Marinduque,30,92932,72465,73352,446,129,101,24,160,109,180,105,122,64,422,12,246,12,108,36,142,235,50,94,43,46,38,34
Philippines,Marinduque,50,92932,69914,69724,446,128,98,24,158,107,179,105,121,63,415,12,243,11,99,34,136,230,49,91,41,46,37,32
Philippines,Marinduque,75,92932,56737,60934,446,114,85,21,146,96,165,97,114,58,367,11,220,8,65,22,90,168,36,64,32,34,27,22
Philippines,Masbate,0,400517,400517,400517,3342,511,183,286,220,274,252,544,295,452,1220,94,606,229,430,127,868,515,275,190,561,110,101,165
Philippines,Masbate,10,400517,172652,177456,3342,505,180,282,217,269,249,537,293,445,1186,93,534,82,206,88,721,405,197,147,431,85,75,93
Philippines,Masbate,15,400517,166234,165886,3342,504,178,281,217,267,248,535,293,444,1181,93,533,78,200,86,713,397,192,144,424,84,74,90
Philippines,Masbate,20,400517,162707,163517,3342,501,177,280,216,266,248,533,292,443,1176,93,532,76,196,85,706,395,191,143,419,84,73,89
Philippines,Masbate,25,400517,159406,158434,3342,500,177,280,216,265,247,532,292,442,1173,93,531,75,194,85,702,394,190,142,417,83,72,88
Philippines,Masbate,30,400517,153729,153993,3342,499,176,278,215,265,247,531,291,441,1169,92,530,72,186,82,687,383,185,139,409,82,71,84
Philippines,Masbate,50,400517,135599,128751,3342,481,168,269,207,256,240,517,288,431,1112,92,523,63,168,77,639,363,173,132,385,77,66,76
Philippines,Masbate,75,400517,91106,88499,3342,417,140,233,184,218,210,450,262,376,930,86,482,42,108,52,445,258,122,91,290,56,44,49
Philippines,Metropolitan Manila,0,55758,55758,55758,448,2,6,3,2,4,15,22,4,7,7,0,20,11,9,1,19,4,6,7,4,1,7,2
Philippines,Metropolitan Manila,10,55758,5870,4855,448,2,6,2,2,3,13,16,3,6,7,0,9,2,2,0,11,1,1,3,2,1,6,0
Philippines,Metropolitan Manila,15,55758,4228,4144,448,2,6,2,2,3,12,15,3,6,7,0,8,2,2,0,11,1,1,3,2,0,6,0
Philippines,Metropolitan Manila,20,55758,3861,4031,448,2,6,2,1,3,12,15,3,6,7,0,8,2,2,0,11,1,1,3,2,0,6,0
Philippines,Metropolitan Manila,25,55758,3295,3834,448,2,6,2,1,3,12,15,3,5,7,0,8,1,2,0,10,1,1,3,2,0,6,0
Philippines,Metropolitan Manila,30,55758,3006,3566,448,2,6,2,1,3,12,15,3,5,6,0,8,1,2,0,10,1,1,3,2,0,6,0
Philippines,Metropolitan Manila,50,55758,2345,2528,448,1,5,1,1,2,10,14,3,4,6,0,6,1,1,0,8,1,0,2,1,0,5,0
Philippines,Metropolitan Manila,75,55758,1551,1637,448,0,2,1,0,1,1,4,1,1,1,0,2,0,0,0,3,0,0,0,1,0,3,0
Philippines,Misamis Occidental,0,189522,189522,189522,467,125,84,255,202,283,329,237,231,260,549,183,115,182,472,182,804,767,239,166,287,397,215,220
Philippines,Misamis Occidental,10,189522,149081,150144,467,125,83,252,199,281,328,234,230,258,544,182,110,159,390,148,654,640,197,140,225,330,175,181
Philippines,Misamis Occidental,15,189522,146164,146355,467,124,83,252,199,281,327,233,230,258,544,182,110,156,383,146,639,624,192,136,218,322,170,178
Philippines,Misamis Occidental,20,189522,143789,145538,467,124,82,252,198,280,327,233,230,258,543,181,110,154,378,144,626,614,189,134,214,317,167,174
Philippines,Misamis Occidental,25,189522,142637,143671,467,124,82,251,198,280,327,232,230,258,542,181,110,153,376,143,621,609,188,133,213,314,165,172
Philippines,Misamis Occidental,30,189522,139492,140958,467,124,82,251,198,280,326,232,229,257,541,181,109,151,368,138,603,587,183,130,204,305,161,165
Philippines,Misamis Occidental,50,189522,126535,124328,467,123,80,248,193,275,322,227,226,253,528,178,107,143,344,128,542,543,162,120,184,277,144,138
Philippines,Misamis Occidental,75,189522,89401,93753,467,108,67,216,164,240,292,195,196,217,441,157,93,98,234,79,316,333,90,70,109,166,87,74
Philippines,Misamis Oriental,0,332934,332934,332934,1591,102,121,70,250,328,224,340,119,295,641,179,301,247,623,441,834,859,406,471,453,516,279,363
Philippines,Misamis Oriental,10,332934,228351,230341,1591,101,120,69,246,320,222,334,113,289,635,178,290,207,528,380,714,724,351,418,374,444,238,307
Philippines,Misamis Oriental,15,332934,221808,222689,1591,101,120,69,245,319,222,333,113,289,633,178,290,204,520,376,704,709,347,414,367,437,236,303
Philippines,Misamis Oriental,20,332934,218283,221239,1591,101,120,69,245,318,221,333,112,288,632,177,289,202,516,372,698,702,344,412,363,433,234,300
Philippines,Misamis Oriental,25,332934,215601,218150,1591,101,120,69,245,318,221,333,112,288,631,177,289,201,515,371,695,697,342,410,361,430,232,298
Philippines,Misamis Oriental,30,332934,209703,213389,1591,101,119,69,244,317,221,332,112,287,630,177,288,199,506,363,684,683,336,405,355,422,228,293
Philippines,Misamis Oriental,50,332934,189119,191187,1591,99,115,67,239,305,219,323,106,277,613,175,283,190,479,340,636,639,318,386,330,398,214,271
Philippines,Misamis Oriental,75,332934,140309,147747,1591,90,101,59,209,248,195,266,83,239,506,153,249,150,367,264,486,480,251,310,262,314,169,210
Philippines,Mountain Province,0,212863,212863,212863,332,91,167,173,171,476,333,341,114,390,986,144,438,227,250,160,445,294,284,191,209,212,206,365
Philippines,Mountain Province,10,212863,166938,163614,332,90,165,171,169,471,330,338,114,386,980,143,424,199,214,154,425,272,251,167,184,188,180,312
Philippines,Mountain Province,15,212863,163973,159705,332,90,164,171,168,470,330,338,114,385,979,143,423,197,213,153,421,270,246,165,180,186,179,307
Philippines,Mountain Province,20,212863,162656,158825,332,90,164,170,168,469,329,337,114,385,978,143,421,196,211,152,420,268,245,165,179,184,178,305
Philippines,Mountain Province,25,212863,161319,156927,332,90,164,170,168,469,329,337,113,384,978,143,421,195,210,152,419,268,244,164,179,184,178,303
Philippines,Mountain Province,30,212863,159063,154597,332,89,163,169,168,467,328,336,113,383,976,143,420,194,208,151,413,266,239,161,176,181,176,299
Philippines,Mountain Province,50,212863,149428,142307,332,88,159,167,164,457,325,332,112,377,962,142,410,188,200,147,403,257,229,155,167,174,170,281
Philippines,Mountain Province,75,212863,126842,119232,332,78,138,153,145,393,299,293,107,335,873,134,365,158,169,118,334,209,178,122,132,139,144,225
Philippines,Negros Occidental,0,781193,781193,781193,4289,457,210,144,208,456,370,447,250,724,441,357,802,635,586,281,945,2358,486,542,399,324,1004,241
Philippines,Negros Occidental,10,781193,257495,265164,4289,444,202,137,203,441,359,431,243,703,428,347,501,235,196,179,563,1168,334,364,275,223,590,115
Philippines,Negros Occidental,15,781193,244371,244315,4289,442,200,136,202,437,357,428,242,699,425,346,498,228,189,174,545,1124,325,354,267,218,570,110
Philippines,Negros Occidental,20,781193,237347,239953,4289,440,199,135,201,436,356,426,241,697,423,346,497,225,185,171,533,1100,321,349,264,214,560,109
Philippines,Negros Occidental,25,781193,231050,232214,4289,438,198,134,201,434,356,424,240,696,422,346,496,223,182,169,527,1089,319,346,262,213,554,107
Philippines,Negros Occidental,30,781193,219816,222332,4289,436,198,133,200,432,354,422,239,694,421,345,493,215,175,165,507,1029,310,337,254,206,532,104
Philippines,Negros Occidental,50,781193,185981,179509,4289,414,185,129,191,412,341,402,232,669,404,338,473,194,157,150,446,918,285,302,233,189,469,91
Philippines,Negros Occidental,75,781193,104957,116030,4289,323,137,100,158,316,285,317,191,540,316,296,389,103,82,80,191,443,135,137,110,100,231,42
Philippines,Negros Oriental,0,499837,499837,499837,3301,407,419,369,331,580,515,744,310,955,476,342,410,420,432,139,555,1007,338,233,170,364,1455,180
Philippines,Negros Oriental,10,499837,224285,214556,3301,396,399,359,321,551,500,713,300,927,460,336,334,234,259,103,364,697,253,169,118,281,900,112
Philippines,Negros Oriental,15,499837,215474,202301,3301,394,396,356,319,546,498,706,299,921,457,336,331,229,252,102,354,681,248,166,113,275,870,109
Philippines,Negros Oriental,20,499837,210090,198494,3301,392,392,353,317,541,496,702,298,917,453,336,329,224,248,101,349,672,245,164,111,273,855,107
Philippines,Negros Oriental,25,499837,206042,193045,3301,391,388,349,316,537,494,699,297,913,450,335,328,222,246,100,345,667,244,163,110,271,845,106
Philippines,Negros Oriental,30,499837,197147,186784,3301,389,387,347,315,533,491,695,296,909,448,333,324,216,238,97,334,647,238,158,107,264,816,101
Philippines,Negros Oriental,50,499837,168749,153956,3301,368,353,324,298,495,470,640,286,867,418,325,302,198,217,89,302,592,222,143,96,240,722,88
Philippines,Negros Oriental,75,499837,93289,98599,3301,254,239,233,221,347,376,452,224,671,283,283,221,124,123,48,146,334,127,85,46,146,431,47
Philippines,North Cotabato,0,635838,635838,635838,18147,441,333,262,451,430,716,1064,332,871,3226,594,1021,833,1971,1656,4804,3322,1629,1570,1786,1257,1253,1284
Philippines,North Cotabato,10,635838,319858,317169,18147,432,326,259,447,426,707,1051,330,862,3197,588,914,465,1405,1385,3972,2726,1263,1279,1345,852,868,774
Philippines,North Cotabato,15,635838,305494,297396,18147,431,325,258,445,424,705,1048,329,860,3191,586,910,452,1371,1356,3888,2667,1215,1253,1313,827,845,746
Philippines,North Cotabato,20,635838,297914,293689,18147,431,323,258,445,424,703,1047,329,858,3186,585,907,446,1357,1342,3839,2635,1191,1238,1298,814,834,734
Philippines,North Cotabato,25,635838,293706,285378,18147,430,323,257,444,423,703,1047,329,857,3183,585,906,442,1349,1338,3825,2617,1184,1232,1289,808,828,727
Philippines,North Cotabato,30,635838,281789,273436,18147,430,322,257,443,423,701,1044,328,855,3178,584,901,432,1308,1301,3725,2559,1139,1209,1256,782,804,694
Philippines,North Cotabato,50,635838,245254,223188,18147,423,313,250,435,415,689,1029,322,841,3136,575,884,400,1223,1229,3545,2401,1051,1142,1181,724,752,632
Philippines,North Cotabato,75,635838,159103,136038,18147,375,266,215,382,366,616,913,285,745,2805,523,783,274,815,858,2510,1689,687,798,816,473,527,395
Philippines,Northern Samar,0,339430,339430,339430,315,531,622,240,485,842,370,761,266,838,1561,303,253,580,932,512,2722,1148,358,917,1346,266,171,164
Philippines,Northern Samar,10,339430,306361,305900,315,530,621,239,484,841,369,760,265,836,1558,303,240,544,823,496,2605,1137,353,875,1323,262,168,157
Philippines,Northern Samar,15,339430,303665,303540,315,530,621,239,483,840,369,760,265,836,1558,303,239,542,813,495,2593,1136,352,870,1321,262,168,156
Philippines,Northern Samar,20,339430,302502,302955,315,529,621,239,483,840,369,760,265,836,1557,303,239,540,810,494,2588,1135,352,866,1319,262,168,155
Philippines,Northern Samar,25,339430,302075,302027,315,529,620,239,483,840,369,760,265,836,1557,303,239,540,809,494,2586,1135,352,865,1319,262,168,155
Philippines,Northern Samar,30,339430,298384,300392,315,529,620,239,483,839,368,759,265,836,1556,302,237,536,791,490,2564,1132,350,854,1313,261,167,154
Philippines,Northern Samar,50,339430,292158,291786,315,527,618,238,480,837,367,757,264,834,1553,302,234,531,771,485,2526,1127,348,838,1306,259,166,152
Philippines,Northern Samar,75,339430,262807,271579,315,511,599,229,462,809,352,735,255,808,1500,291,221,496,680,451,2308,1032,316,738,1177,236,150,136
Philippines,Nueva Ecija,0,547552,547552,547552,3453,663,448,312,198,215,221,426,60,474,379,183,287,485,744,191,735,186,201,37,62,85,131,96
Philippines,Nueva Ecija,10,547552,174969,182339,3453,640,432,301,193,210,218,411,58,458,371,174,203,255,500,163,692,134,158,31,44,70,100,61
Philippines,Nueva Ecija,15,547552,169421,173850,3453,637,429,299,192,209,217,408,58,456,369,174,202,251,490,161,689,133,156,31,44,69,99,60
Philippines,Nueva Ecija,20,547552,166331,172277,3453,633,427,299,192,208,217,406,58,453,368,173,200,246,481,160,688,128,154,30,43,68,96,58
Philippines,Nueva Ecija,25,547552,162977,168358,3453,631,425,298,192,208,217,404,58,452,367,173,200,244,472,158,686,126,153,30,43,67,95,56
Philippines,Nueva Ecija,30,547552,158515,164228,3453,629,422,298,192,207,217,403,58,451,366,172,199,240,463,156,684,124,151,30,42,66,94,55
Philippines,Nueva Ecija,50,547552,143213,143952,3453,582,391,282,187,199,213,383,57,427,350,167,188,217,406,148,675,113,141,28,40,60,88,49
Philippines,Nueva Ecija,75,547552,115440,110623,3453,413,296,231,173,171,194,317,51,330,292,152,153,154,253,125,627,87,111,23,30,47,63,30
Philippines,Nueva Vizcaya,0,392329,392329,392329,941,309,650,469,493,898,856,820,216,721,1166,527,574,496,454,381,1110,950,790,367,470,697,345,664
Philippines,Nueva Vizcaya,10,392329,276659,268126,941,306,643,464,488,890,849,814,213,711,1151,521,545,350,321,325,937,760,580,308,394,592,294,553
Philippines,Nueva Vizcaya,15,392329,269766,260447,941,305,641,463,487,889,848,813,212,709,1149,520,543,341,312,319,916,744,565,302,385,581,289,543
Philippines,Nueva Vizcaya,20,392329,266456,258017,941,304,641,463,487,888,847,812,212,708,1147,520,542,338,309,316,907,734,558,299,381,574,286,538
Philippines,Nueva Vizcaya,25,392329,263551,253652,941,304,640,463,487,887,846,811,212,707,1145,519,541,335,305,315,902,728,554,298,379,571,285,534
Philippines,Nueva Vizcaya,30,392329,257868,248687,941,304,639,463,487,886,845,810,211,706,1144,519,540,329,295,304,872,704,532,288,368,556,278,522
Philippines,Nueva Vizcaya,50,392329,235960,223907,941,299,629,458,480,871,837,801,206,695,1124,514,529,307,270,287,808,642,481,270,342,519,258,489
Philippines,Nueva Vizcaya,75,392329,184606,181039,941,263,555,416,437,771,770,732,183,606,975,472,463,227,179,200,556,402,311,182,235,359,181,347
Philippines,Occidental Mindoro,0,591530,591530,591530,1346,731,365,380,690,607,760,825,293,1292,1226,98,1725,1196,1657,1709,3524,2621,1825,1784,1418,1562,1587,1453
Philippines,Occidental Mindoro,10,591530,359857,360976,1346,714,354,375,683,600,753,816,291,1275,1213,97,1151,840,1227,1474,3206,2346,1621,1563,1251,1389,1449,1299
Philippines,Occidental Mindoro,15,591530,352482,349236,1346,709,351,374,681,599,751,814,290,1271,1210,97,1141,828,1210,1457,3188,2327,1604,1547,1239,1377,1439,1289
Philippines,Occidental Mindoro,20,591530,348684,346638,1346,704,348,373,678,597,750,812,290,1265,1204,97,1131,820,1198,1452,3176,2317,1597,1541,1234,1371,1435,1284
Philippines,Occidental Mindoro,25,591530,345239,339863,1346,699,347,372,677,596,749,810,290,1263,1202,97,1123,813,1190,1448,3171,2312,1594,1538,1231,1368,1432,1282
Philippines,Occidental Mindoro,30,591530,339473,334504,1346,696,345,371,676,595,748,809,289,1260,1200,97,1115,802,1173,1432,3148,2296,1579,1522,1218,1352,1421,1273
Philippines,Occidental Mindoro,50,591530,316532,302881,1346,609,317,357,651,578,735,795,283,1219,1166,96,1029,760,1103,1389,3064,2240,1534,1472,1181,1315,1386,1232
Philippines,Occidental Mindoro,75,591530,256993,247372,1346,335,241,299,552,496,660,715,253,1026,1023,89,769,571,795,1078,2418,1764,1167,1114,911,1016,1101,971
Philippines,Oriental Mindoro,0,424031,424031,424031,1405,609,350,241,886,823,1216,650,652,702,1631,211,1521,801,2168,931,5358,2352,1108,856,1263,1325,1198,826
Philippines,Oriental Mindoro,10,424031,305430,310054,1405,606,346,239,880,812,1210,646,648,696,1611,204,1431,646,1510,799,4932,2112,994,770,1159,1213,1091,721
Philippines,Oriental Mindoro,15,424031,299781,303599,1405,605,345,239,879,810,1208,646,646,694,1607,204,1428,639,1477,786,4895,2084,978,759,1145,1193,1075,709
Philippines,Oriental Mindoro,20,424031,296570,301910,1405,604,345,239,876,807,1207,645,645,693,1604,203,1425,634,1460,781,4865,2068,969,754,1138,1184,1067,704
Philippines,Oriental Mindoro,25,424031,294633,298389,1405,603,344,239,876,807,1207,645,645,693,1602,203,1423,631,1451,778,4853,2059,964,751,1135,1180,1062,701
Philippines,Oriental Mindoro,30,424031,286655,293879,1405,603,344,239,874,805,1206,643,644,691,1598,203,1421,613,1379,746,4752,1990,925,722,1099,1133,1024,672
Philippines,Oriental Mindoro,50,424031,270515,270498,1405,594,338,237,858,791,1197,636,637,684,1571,200,1397,592,1293,717,4609,1928,894,703,1070,1102,996,645
Philippines,Oriental Mindoro,75,424031,198936,222606,1405,532,305,215,760,713,1079,577,568,620,1373,181,1220,389,806,480,3322,1324,565,467,746,724,660,434
Philippines,Palawan,0,1453724,1453724,1453724,11061,2209,2134,3141,5119,6273,5560,11160,4656,5008,13641,1523,5023,5867,12932,16445,23634,16577,8946,12882,12534,7971,32455,6043
Philippines,Palawan,10,1453724,1224189,1200270,11061,2192,2116,3122,5097,6244,5544,11115,4645,4994,13585,1517,4671,5105,11693,15153,22214,15784,8437,12086,11536,7448,31778,5508
Philippines,Palawan,15,1453724,1211668,1185595,11061,2190,2113,3117,5093,6237,5540,11105,4642,4990,13569,1516,4658,5063,11568,15014,22056,15672,8367,11992,11429,7392,31706,5452
Philippines,Palawan,20,1453724,1205561,1181244,11061,2188,2109,3114,5089,6231,5535,11096,4639,4987,13560,1515,4650,5037,11505,14950,21973,15616,8337,11946,11373,7359,31661,5422
Philippines,Palawan,25,1453724,1201443,1173366,11061,2187,2108,3112,5086,6229,5533,11093,4638,4985,13554,1515,4645,5022,11474,14919,21934,15591,8321,11924,11351,7341,31637,5407
Philippines,Palawan,30,1453724,1184254,1161929,11061,2184,2103,3110,5082,6224,5529,11086,4634,4980,13542,1513,4629,4940,11200,14549,21551,15304,8154,11702,11126,7188,31483,5294
Philippines,Palawan,50,1453724,1147858,1110918,11061,2156,2078,3082,5054,6188,5505,11028,4616,4956,13450,1505,4570,4784,10854,14150,21066,14973,7944,11398,10796,6985,31213,5114
Philippines,Palawan,75,1453724,1010131,984794,11061,1987,1912,2870,4810,5845,5260,10500,4407,4703,12689,1423,4268,3929,8710,11286,17361,12328,6580,9390,8731,5695,29585,4191
Philippines,Pampanga,0,225011,225011,225011,1916,145,100,74,63,95,134,128,28,111,124,35,241,101,94,68,109,395,84,34,45,115,52,46
Philippines,Pampanga,10,225011,45431,58061,1916,138,90,69,58,88,124,106,23,98,119,26,159,38,38,37,67,149,32,14,24,52,19,21
Philippines,Pampanga,15,225011,41623,51243,1916,137,89,69,57,87,123,105,23,97,118,26,158,38,37,34,66,141,30,14,23,51,17,20
Philippines,Pampanga,20,225011,39260,50189,1916,137,89,69,56,87,122,103,23,96,117,26,157,37,36,33,65,136,29,14,23,50,16,20
Philippines,Pampanga,25,225011,37319,47018,1916,136,88,68,56,87,122,103,23,95,117,26,156,37,36,33,65,134,28,13,22,48,16,20
Philippines,Pampanga,30,225011,35228,44737,1916,135,88,68,56,86,122,102,23,94,116,25,156,36,34,31,62,127,27,13,22,47,15,19
Philippines,Pampanga,50,225011,28190,32837,1916,127,83,65,53,80,116,94,21,87,113,24,144,31,29,28,57,103,23,10,19,39,13,16
Philippines,Pampanga,75,225011,15022,16660,1916,103,66,53,41,60,93,74,14,63,91,19,112,18,13,14,29,42,12,4,11,19,6,7
Philippines,Pangasinan,0,519296,519296,519296,3056,124,480,29,108,97,153,107,151,344,245,73,162,85,97,36,414,279,146,80,127,99,133,147
Philippines,Pangasinan,10,519296,166202,152589,3056,116,457,28,103,93,150,102,148,334,242,72,138,37,52,27,347,207,116,67,105,67,103,116
Philippines,Pangasinan,15,519296,156597,139220,3056,116,454,28,102,93,149,101,147,333,242,71,137,36,50,27,343,202,114,67,104,66,102,115
Philippines,Pangasinan,20,519296,152219,137132,3056,114,451,28,102,92,149,101,147,332,241,71,137,36,49,27,340,200,113,66,103,65,101,113
Philippines,Pangasinan,25,519296,143856,131303,3056,113,449,28,102,92,149,101,147,331,241,71,136,35,47,26,338,197,111,66,102,65,100,112
Philippines,Pangasinan,30,519296,134352,126181,3056,112,447,28,101,92,148,101,146,331,241,71,135,33,44,26,335,194,109,65,101,64,98,110
Philippines,Pangasinan,50,519296,110732,99694,3056,101,420,26,97,88,143,96,142,320,236,69,130,28,34,22,316,176,99,59,95,59,89,98
Philippines,Pangasinan,75,519296,73343,63235,3056,71,303,18,81,70,117,73,112,258,209,63,100,19,20,13,248,120,64,40,68,43,58,64
Philippines,Quezon,0,836087,836087,836087,3743,2704,1229,977,1602,2392,3962,1358,2912,2038,7247,378,4239,1159,3400,627,2389,2394,1240,1904,1961,1129,1202,1144
Philippines,Quezon,10,836087,718975,722513,3743,2700,1220,974,1598,2382,3956,1357,2910,2035,7231,378,4125,1034,2753,580,2272,2243,1180,1744,1868,1081,1156,1060
Philippines,Quezon,15,836087,712492,712926,3743,2700,1218,973,1597,2381,3954,1357,2909,2033,7224,377,4122,1030,2724,577,2265,2234,1175,1732,1861,1079,1152,1055
Philippines,Quezon,20,836087,708541,710466,3743,2699,1217,973,1597,2379,3954,1357,2909,2033,7220,377,4120,1027,2705,575,2259,2226,1171,1724,1857,1076,1149,1051
Philippines,Quezon,25,836087,706171,705999,3743,2699,1216,972,1596,2378,3953,1357,2909,2032,7218,377,4118,1025,2693,574,2257,2222,1170,1720,1855,1075,1148,1050
Philippines,Quezon,30,836087,700495,700541,3743,2697,1214,971,1596,2377,3952,1356,2908,2032,7214,377,4115,1020,2658,570,2241,2207,1163,1701,1844,1071,1141,1041
Philippines,Quezon,50,836087,679823,666414,3743,2688,1200,966,1590,2363,3938,1353,2903,2024,7171,377,4095,1000,2555,560,2211,2162,1143,1654,1816,1059,1127,1019
Philippines,Quezon,75,836087,595571,590950,3743,2617,1121,924,1537,2263,3813,1308,2839,1961,6856,370,3967,896,2086,487,1964,1876,1011,1398,1614,956,1017,875
Philippines,Quirino,0,309854,309854,309854,473,358,614,1335,371,754,1200,1101,168,697,1549,640,1243,877,579,727,1655,1185,1248,706,665,1172,554,608
Philippines,Quirino,10,309854,242175,238068,473,356,607,1328,367,745,1189,1093,166,690,1522,634,1190,758,450,678,1549,1073,1017,642,598,1079,519,554
Philippines,Quirino,15,309854,239195,233637,473,356,606,1326,367,743,1187,1091,166,689,1516,632,1187,751,442,673,1539,1064,1005,636,594,1072,518,549
Philippines,Quirino,20,309854,237575,232334,473,355,606,1325,366,742,1186,1090,166,688,1513,631,1185,746,439,670,1535,1059,997,634,591,1068,516,547
Philippines,Quirino,25,309854,236259,230250,473,355,606,1324,366,741,1185,1089,166,687,1510,631,1183,744,438,669,1532,1057,993,632,591,1066,515,547
Philippines,Quirino,30,309854,233280,227303,473,355,605,1323,366,740,1183,1088,166,686,1506,630,1179,732,426,654,1509,1035,962,620,580,1047,509,538
Philippines,Quirino,50,309854,223982,214115,473,352,598,1314,363,734,1170,1079,164,679,1477,624,1162,710,407,635,1463,990,918,601,561,1011,497,517
Philippines,Quirino,75,309854,197906,188874,473,336,561,1244,345,680,1097,1006,150,623,1329,590,1070,590,314,506,1186,759,672,475,447,796,424,415
Philippines,Rizal,0,126790,126790,126790,1038,108,68,172,211,187,303,233,85,258,423,6,162,131,248,148,669,415,240,224,148,178,338,202
Philippines,Rizal,10,126790,80941,82190,1038,105,66,168,209,185,298,231,85,253,415,6,130,78,153,127,611,372,216,201,127,158,279,168
Philippines,Rizal,15,126790,79365,79992,1038,105,65,167,208,184,298,230,85,252,414,5,129,77,151,126,608,370,214,199,126,157,276,167
Philippines,Rizal,20,126790,78463,79226,1038,105,65,166,208,184,297,230,85,251,412,5,128,75,149,125,604,368,212,197,125,155,273,165
Philippines,Rizal,25,126790,77537,78112,1038,104,64,165,207,183,297,230,85,250,411,5,128,74,148,124,602,367,211,197,124,155,272,164
Philippines,Rizal,30,126790,76045,76673,1038,104,64,165,207,183,296,229,85,250,410,5,127,72,144,122,597,362,208,194,122,153,268,162
Philippines,Rizal,50,126790,70475,69045,1038,95,61,158,204,179,291,224,84,243,398,5,124,67,135,116,575,344,199,183,115,146,255,154
Philippines,Rizal,75,126790,54169,53028,1038,70,47,138,184,160,268,204,78,211,345,4,111,48,91,85,440,265,141,131,78,99,174,110
Philippines,Romblon,0,132625,132625,132625,494,260,125,83,288,252,378,173,438,212,652,17,354,74,306,92,1386,214,111,230,148,80,118,98
Philippines,Romblon,10,132625,105254,100449,494,258,124,82,286,251,375,172,438,211,647,17,326,57,144,78,1318,191,100,207,133,67,98,85
Philippines,Romblon,15,132625,103891,98611,494,258,124,82,286,251,375,172,437,211,645,17,326,57,140,77,1310,189,98,204,130,66,96,84
Philippines,Romblon,20,132625,103098,98214,494,258,124,82,285,250,375,171,437,211,644,17,326,56,137,76,1305,188,97,202,130,66,95,83
Philippines,Romblon,25,132625,102632,97503,494,258,124,82,285,250,375,171,437,211,643,17,325,56,136,75,1303,187,97,201,129,66,94,83
Philippines,Romblon,30,132625,100681,96401,494,257,124,81,284,250,374,171,436,210,641,17,325,54,129,69,1283,178,92,194,123,62,87,78
Philippines,Romblon,50,132625,96065,90168,494,254,122,80,282,247,371,170,433,208,630,17,321,53,116,66,1251,170,88,185,119,59,83,74
Philippines,Romblon,75,132625,79214,76533,494,236,109,75,259,229,343,158,407,193,564,16,299,43,74,44,1011,115,63,132,88,38,52,54
Philippines,Samar,0,544182,544182,544182,1607,1080,1531,927,1150,1560,785,2255,568,1751,3302,841,450,1750,1712,1689,5253,5260,1372,2953,3329,1533,1359,1253
Philippines,Samar,10,544182,486929,466424,1607,1071,1513,922,1147,1550,781,2244,566,1743,3287,838,443,1706,1600,1522,4737,4832,1250,2714,3028,1400,1245,1109
Philippines,Samar,15,544182,480371,460428,1607,1069,1510,921,1146,1549,781,2241,564,1742,3284,838,442,1701,1581,1494,4644,4749,1226,2670,2981,1374,1223,1082
Philippines,Samar,20,544182,477157,458679,1607,1068,1507,920,1145,1547,780,2238,564,1741,3281,837,441,1698,1573,1480,4610,4718,1215,2650,2959,1365,1213,1072
Philippines,Samar,25,544182,475575,455959,1607,1067,1506,919,1145,1546,780,2236,564,1740,3279,837,441,1698,1569,1475,4593,4702,1211,2643,2951,1360,1210,1068
Philippines,Samar,30,544182,466057,451674,1607,1066,1503,918,1144,1542,778,2234,562,1737,3273,836,439,1682,1531,1407,4334,4460,1149,2521,2810,1310,1159,1008
Philippines,Samar,50,544182,447296,428502,1607,1056,1489,910,1136,1525,772,2215,557,1722,3242,829,434,1661,1483,1335,4098,4264,1091,2399,2662,1252,1106,939
Philippines,Samar,75,544182,378606,380522,1607,984,1381,843,1056,1391,702,2037,505,1579,2950,778,396,1470,1177,938,2799,2972,767,1687,1933,964,832,635
Philippines,Sarangani,0,324422,324422,324422,2494,310,312,300,597,429,809,823,811,509,1095,447,724,338,805,331,1196,1442,1366,763,620,421,805,813
Philippines,Sarangani,10,324422,232383,219380,2494,309,310,297,594,426,803,818,808,506,1086,445,706,262,667,253,1028,1234,1148,645,528,341,649,642
Philippines,Sarangani,15,324422,224344,211059,2494,308,309,297,593,425,802,816,808,505,1083,444,704,256,653,248,1013,1213,1119,633,521,332,636,626
Philippines,Sarangani,20,324422,221089,209350,2494,308,308,297,593,424,801,815,808,504,1081,444,703,253,646,245,1006,1203,1107,627,517,329,629,618
Philippines,Sarangani,25,324422,218552,205133,2494,308,308,297,592,424,800,814,807,503,1080,444,701,252,642,244,1004,1199,1100,625,514,327,626,614
Philippines,Sarangani,30,324422,211954,200231,2494,308,308,297,592,423,799,813,807,502,1078,443,699,243,624,236,979,1168,1064,612,503,317,608,600
Philippines,Sarangani,50,324422,191343,178176,2494,305,304,295,586,418,787,804,802,495,1061,439,687,223,588,226,936,1112,989,581,478,297,567,563
Philippines,Sarangani,75,324422,145858,133732,2494,281,280,276,540,387,725,734,756,441,954,411,618,152,427,166,764,867,711,443,350,222,414,418
Philippines,Siquijor,0,32096,32096,32096,277,13,6,6,5,9,9,36,4,15,18,7,19,8,10,6,38,22,15,12,5,7,3,11
Philippines,Siquijor,10,32096,16536,16364,277,13,6,6,5,9,9,35,4,15,17,6,17,4,6,5,35,20,14,11,4,6,2,7
Philippines,Siquijor,15,32096,15785,15307,277,12,6,6,5,9,9,34,4,14,17,6,17,4,6,4,34,20,14,10,4,6,2,7
Philippines,Siquijor,20,32096,15311,15104,277,12,6,5,5,9,9,34,4,14,17,6,17,4,6,4,34,19,14,10,4,6,2,7
Philippines,Siquijor,25,32096,14883,14646,277,12,6,5,5,9,9,34,4,14,17,6,17,4,6,4,33,19,14,10,4,6,2,6
Philippines,Siquijor,30,32096,14093,14195,277,12,6,5,5,9,9,34,4,14,17,6,17,4,6,4,33,19,14,10,4,6,2,6
Philippines,Siquijor,50,32096,11451,11539,277,11,6,5,4,8,8,31,4,13,15,6,16,4,5,4,31,17,12,9,4,5,1,4
Philippines,Siquijor,75,32096,6264,7299,277,7,4,3,3,5,5,22,3,10,10,5,13,2,2,2,17,10,8,5,1,2,0,1
Philippines,Sorsogon,0,199167,199167,199167,298,227,59,84,118,132,721,160,92,197,377,86,162,111,286,392,1079,204,66,40,260,45,66,53
Philippines,Sorsogon,10,199167,160927,161905,298,226,58,82,118,131,720,160,91,196,375,86,148,56,250,380,1038,177,64,33,246,42,63,48
Philippines,Sorsogon,15,199167,158767,159153,298,226,58,82,118,131,719,160,91,196,375,86,147,53,247,379,1034,175,64,32,244,42,62,47
Philippines,Sorsogon,20,199167,157498,158588,298,226,58,82,118,131,719,160,91,196,374,86,147,52,245,378,1031,174,64,32,244,41,62,47
Philippines,Sorsogon,25,199167,156847,157466,298,226,58,82,118,131,719,160,91,196,374,86,147,51,245,377,1031,173,63,32,244,41,62,47
Philippines,Sorsogon,30,199167,154762,155758,298,225,58,82,118,131,718,160,91,196,373,86,146,49,241,372,1017,170,63,31,240,41,61,47
Philippines,Sorsogon,50,199167,147892,146285,298,223,57,80,117,129,716,157,90,195,366,86,145,46,233,366,1003,165,61,30,236,39,60,44
Philippines,Sorsogon,75,199167,121814,127555,298,208,53,70,110,118,677,147,86,183,326,84,133,33,184,295,859,137,50,23,185,31,44,31
Philippines,South Cotabato,0,434847,434847,434847,9278,358,364,305,528,453,908,934,526,369,1530,463,653,498,932,1531,2394,2464,1775,1175,906,933,966,1138
Philippines,South Cotabato,10,434847,249500,247002,9278,342,354,298,516,449,890,917,518,360,1491,450,586,280,614,869,1283,1775,1150,811,605,573,628,699
Philippines,South Cotabato,15,434847,240583,236277,9278,340,352,296,512,447,885,914,515,358,1483,448,579,268,590,836,1239,1716,1094,786,582,552,600,668
Philippines,South Cotabato,20,434847,236099,234184,9278,339,351,295,511,447,883,912,514,358,1478,447,577,262,579,818,1215,1686,1071,773,571,540,589,656
Philippines,South Cotabato,25,434847,232805,229146,9278,338,351,294,510,446,881,911,514,357,1475,446,574,258,574,807,1200,1669,1056,765,563,532,581,648
Philippines,South Cotabato,30,434847,225456,222855,9278,336,350,294,508,446,880,908,513,356,1468,445,570,247,545,779,1167,1628,1023,748,549,514,566,628
Philippines,South Cotabato,50,434847,203148,194588,9278,319,337,283,492,438,854,888,506,346,1415,433,551,223,503,712,1072,1528,941,697,508,475,522,574
Philippines,South Cotabato,75,434847,150731,138344,9278,252,291,247,426,398,742,780,446,290,1148,369,451,132,325,469,771,1122,637,513,344,342,377,400
Philippines,Southern Leyte,0,168382,168382,168382,259,214,157,92,284,189,323,239,119,454,465,324,167,69,65,44,126,283,67,38,47,104,5050,57
Philippines,Southern Leyte,10,168382,150681,148744,259,214,156,92,283,188,321,238,118,453,464,323,165,57,61,38,119,266,59,32,41,96,4900,44
Philippines,Southern Leyte,15,168382,149353,147465,259,213,156,92,282,188,321,238,118,452,464,323,165,56,60,37,118,264,58,32,40,95,4885,43
Philippines,Southern Leyte,20,168382,148487,147066,259,213,156,92,282,188,321,238,118,452,463,323,165,55,60,37,117,262,57,31,40,95,4875,43
Philippines,Southern Leyte,25,168382,148050,146512,259,213,156,92,282,188,321,237,118,452,463,323,165,55,59,37,117,261,57,31,40,94,4871,42
Philippines,Southern Leyte,30,168382,146660,145440,259,213,156,92,282,188,321,237,118,452,463,323,165,54,59,37,116,258,56,31,39,93,4848,42
Philippines,Southern Leyte,50,168382,142453,136945,259,213,156,91,280,187,319,236,118,450,460,323,165,51,57,35,113,251,54,29,38,90,4800,39
Philippines,Southern Leyte,75,168382,125285,120998,259,207,149,88,266,177,301,222,113,433,442,313,152,42,50,28,92,217,42,23,29,72,4459,32
Philippines,Sultan Kudarat,0,444708,444708,444708,5848,284,492,367,622,839,1037,1122,752,1054,2505,547,953,780,1846,1742,2655,2970,2065,1334,1249,1005,1072,986
Philippines,Sultan Kudarat,10,444708,274068,274507,5848,278,485,361,615,831,1024,1102,747,1046,2477,540,876,549,1404,1260,2087,2246,1424,1039,914,684,826,705
Philippines,Sultan Kudarat,15,444708,266644,264360,5848,278,484,360,613,829,1023,1097,746,1044,2470,540,872,542,1380,1236,2043,2195,1383,1021,896,670,809,687
Philippines,Sultan Kudarat,20,444708,262905,262219,5848,277,484,359,612,829,1022,1094,745,1043,2466,539,870,537,1364,1220,2019,2167,1359,1011,887,658,802,679
Philippines,Sultan Kudarat,25,444708,259922,257134,5848,277,483,358,611,828,1021,1094,744,1042,2463,538,868,534,1352,1205,2000,2143,1340,1001,879,649,796,672
Philippines,Sultan Kudarat,30,444708,254394,251166,5848,276,483,358,610,827,1019,1091,743,1041,2459,538,864,526,1327,1181,1965,2104,1307,984,862,638,781,658
Philippines,Sultan Kudarat,50,444708,234301,224318,5848,266,476,349,598,817,1001,1068,735,1024,2415,529,843,505,1267,1108,1855,1972,1185,935,815,594,740,614
Philippines,Sultan Kudarat,75,444708,187707,175393,5848,221,429,304,537,747,913,940,676,916,2165,483,754,410,970,843,1414,1452,824,737,644,449,566,467
Philippines,Sulu,0,155868,155868,155868,897,85,464,625,160,258,127,85,183,230,488,78,163,78,469,339,609,172,140,118,143,297,157,143
Philippines,Sulu,10,155868,131790,130724,897,85,463,622,160,257,127,84,183,229,486,78,162,68,396,277,552,162,136,108,129,284,149,136
Philippines,Sulu,15,155868,130566,128869,897,85,463,621,159,257,127,84,183,229,486,78,162,67,389,270,547,161,135,106,128,283,149,135
Philippines,Sulu,20,155868,129688,128253,897,85,462,621,159,257,126,84,182,229,486,78,162,65,383,265,539,161,135,106,127,282,148,134
Philippines,Sulu,25,155868,129157,127431,897,85,461,620,159,257,126,84,182,229,485,78,162,65,379,262,535,160,135,105,125,281,148,133
Philippines,Sulu,30,155868,128293,126255,897,85,461,620,159,257,126,84,182,229,485,78,162,64,371,256,527,159,135,104,123,278,147,133
Philippines,Sulu,50,155868,122459,117260,897,84,452,612,156,253,125,82,181,227,477,77,161,59,326,221,479,153,132,98,110,270,144,125
Philippines,Sulu,75,155868,100593,99464,897,77,412,574,139,231,119,74,173,214,431,73,154,49,234,139,363,134,121,77,85,244,129,94
Philippines,Surigao del Norte,0,209761,209761,209761,843,153,90,34,282,140,165,84,182,243,244,246,373,162,748,154,351,663,134,443,261,658,2746,289
Philippines,Surigao del Norte,10,209761,167631,167335,843,152,89,34,280,139,164,82,179,242,241,242,360,130,669,148,330,634,120,411,236,643,2556,258
Philippines,Surigao del Norte,15,209761,164733,164173,843,152,88,34,279,139,163,81,177,240,240,242,358,126,656,147,327,629,119,409,232,642,2541,254
Philippines,Surigao del Norte,20,209761,162960,163569,843,152,88,34,279,139,163,81,177,239,240,242,358,125,647,146,325,627,118,405,230,641,2533,251
Philippines,Surigao del Norte,25,209761,161856,162252,843,152,88,34,279,139,162,81,176,239,239,242,357,124,640,146,323,625,118,404,229,641,2530,249
Philippines,Surigao del Norte,30,209761,159762,160258,843,152,88,34,278,139,162,80,176,238,238,242,356,122,626,144,319,621,116,401,226,639,2507,245
Philippines,Surigao del Norte,50,209761,151645,149574,843,151,87,33,272,138,157,78,172,231,233,238,348,112,557,140,298,604,112,383,215,633,2450,230
Philippines,Surigao del Norte,75,209761,132863,132011,843,136,80,29,238,126,136,66,151,185,206,217,317,88,407,120,241,531,94,332,183,590,2173,192
Philippines,Surigao del Sur,0,430816,430816,430816,1139,845,1171,595,2141,1534,1597,1191,1667,1605,1501,2052,2472,722,4218,3713,3231,4405,2073,2689,1980,1694,1451,1226
Philippines,Surigao del Sur,10,430816,396505,395002,1139,842,1169,594,2137,1529,1595,1189,1665,1602,1500,2049,2464,700,4084,3563,3173,4306,2026,2631,1933,1649,1408,1189
Philippines,Surigao del Sur,15,430816,394319,391865,1139,842,1168,594,2136,1528,1595,1189,1663,1601,1499,2048,2463,699,4077,3550,3168,4298,2021,2626,1929,1646,1404,1184
Philippines,Surigao del Sur,20,430816,392812,391060,1139,841,1168,593,2135,1527,1594,1189,1663,1601,1499,2048,2462,697,4068,3538,3164,4291,2019,2621,1925,1643,1401,1180
Philippines,Surigao del Sur,25,430816,391988,389574,1139,841,1168,593,2135,1527,1594,1189,1663,1600,1498,2047,2462,697,4064,3533,3162,4288,2017,2619,1923,1641,1400,1178
Philippines,Surigao del Sur,30,430816,389982,387386,1139,840,1168,593,2134,1526,1593,1188,1663,1600,1498,2046,2461,695,4051,3515,3154,4279,2011,2610,1919,1637,1394,1171
Philippines,Surigao del Sur,50,430816,380724,374345,1139,836,1165,591,2128,1520,1589,1185,1659,1595,1492,2040,2454,690,4003,3459,3127,4237,1989,2582,1897,1619,1373,1145
Philippines,Surigao del Sur,75,430816,349654,347178,1139,793,1128,572,2053,1440,1539,1147,1617,1542,1431,1980,2361,642,3610,3025,2884,3895,1846,2378,1745,1489,1233,1007
Philippines,Tarlac,0,301507,301507,301507,2347,90,211,84,157,167,175,198,109,278,162,121,189,263,296,258,874,896,500,183,190,167,198,273
Philippines,Tarlac,10,301507,87517,94217,2347,75,195,78,154,161,169,184,107,260,159,115,122,155,168,220,806,754,423,151,160,133,165,174
Philippines,Tarlac,15,301507,85002,89104,2347,74,193,78,154,160,168,182,107,258,159,115,121,152,164,217,804,747,419,150,159,131,163,170
Philippines,Tarlac,20,301507,83537,88041,2347,73,192,77,153,159,168,181,107,256,159,115,120,150,161,216,802,743,417,149,158,131,162,168
Philippines,Tarlac,25,301507,81634,85640,2347,72,191,77,153,159,167,181,107,255,159,115,119,149,159,216,800,738,416,149,158,131,161,167
Philippines,Tarlac,30,301507,79187,83657,2347,72,189,77,153,159,167,180,107,253,158,115,119,147,155,214,798,735,414,149,157,129,160,165
Philippines,Tarlac,50,301507,71495,72793,2347,62,176,72,148,154,161,172,104,241,155,113,113,135,143,205,782,709,397,142,151,124,152,153
Philippines,Tarlac,75,301507,52248,57606,2347,42,133,59,124,129,137,144,90,184,136,101,93,87,80,135,608,475,266,90,98,76,99,84
Philippines,Tawi-Tawi,0,118018,118018,118018,491,434,454,420,242,417,327,568,697,653,1293,140,267,232,961,810,2325,1233,938,737,584,524,321,653
Philippines,Tawi-Tawi,10,118018,104392,101659,491,433,452,419,242,417,327,568,696,653,1291,140,267,228,930,780,2235,1189,922,709,562,508,310,628
Philippines,Tawi-Tawi,15,118018,103903,100766,491,433,452,419,242,417,327,568,696,653,1290,140,267,228,927,777,2227,1187,921,706,560,507,310,625
Philippines,Tawi-Tawi,20,118018,103565,100422,491,433,452,419,241,416,327,568,696,653,1290,140,267,228,923,773,2218,1184,920,705,557,506,309,623
Philippines,Tawi-Tawi,25,118018,103331,99965,491,433,452,419,241,416,327,568,696,653,1290,140,267,227,921,771,2213,1182,920,704,556,506,308,622
Philippines,Tawi-Tawi,30,118018,102951,99427,491,433,452,419,241,416,327,568,696,652,1290,140,267,227,918,768,2204,1179,919,701,552,504,307,620
Philippines,Tawi-Tawi,50,118018,100784,95010,491,432,448,416,239,415,326,566,695,651,1284,139,266,223,895,750,2153,1156,911,687,539,497,303,602
Philippines,Tawi-Tawi,75,118018,92025,87069,491,423,420,402,228,402,317,550,681,635,1233,135,261,202,797,665,1864,1044,856,622,451,456,279,528
Philippines,Zambales,0,365616,365616,365616,3595,68,348,76,288,303,352,225,262,310,558,228,525,156,166,110,596,491,168,89,230,142,202,257
Philippines,Zambales,10,365616,197326,196927,3595,65,344,74,282,296,344,219,259,303,552,224,470,114,120,97,561,455,147,78,190,128,178,194
Philippines,Zambales,15,365616,190461,187848,3595,65,344,74,281,295,343,218,259,302,551,224,467,111,117,96,558,452,146,78,186,128,177,191
Philippines,Zambales,20,365616,187084,186286,3595,64,343,73,279,294,342,217,259,301,550,223,466,110,116,96,557,451,145,77,184,128,177,189
Philippines,Zambales,25,365616,182578,182163,3595,64,343,73,278,293,341,217,258,301,549,223,464,108,115,95,556,450,145,77,182,127,176,186
Philippines,Zambales,30,365616,176961,177229,3595,64,342,73,278,293,340,216,258,301,549,223,463,106,113,95,554,448,144,76,178,126,175,181
Philippines,Zambales,50,365616,159389,154166,3595,59,334,68,266,283,331,208,255,295,540,220,450,98,107,92,544,438,137,73,167,121,171,165
Philippines,Zambales,75,365616,124185,122457,3595,46,291,54,217,235,291,170,228,256,490,207,394,78,77,66,453,329,92,52,116,92,131,113
Philippines,Zamboanga Sibugay,0,271451,271451,271451,2298,393,555,507,736,808,602,1587,734,1863,1154,484,727,445,955,1645,3020,1627,1806,1833,1726,915,1615,857
Philippines,Zamboanga Sibugay,10,271451,202057,193034,2298,390,548,505,733,805,599,1578,733,1858,1149,482,716,418,861,1455,2593,1477,1657,1694,1504,814,1480,746
Philippines,Zamboanga Sibugay,15,271451,196420,187134,2298,389,547,504,732,804,598,1576,732,1856,1148,482,714,415,847,1430,2552,1455,1635,1676,1481,800,1464,736
Philippines,Zamboanga Sibugay,20,271451,193740,185324,2298,389,545,502,732,803,597,1574,732,1854,1147,482,713,411,841,1412,2528,1444,1625,1665,1468,793,1455,731
Philippines,Zamboanga Sibugay,25,271451,192278,182823,2298,388,544,502,732,803,597,1573,732,1853,1145,481,713,411,838,1404,2517,1437,1619,1660,1463,789,1451,728
Philippines,Zamboanga Sibugay,30,271451,186958,179459,2298,388,543,501,731,802,596,1571,731,1850,1143,481,710,406,819,1359,2442,1408,1586,1634,1433,774,1431,712
Philippines,Zamboanga Sibugay,50,271451,174234,162847,2298,382,533,496,727,796,590,1555,728,1838,1130,478,704,394,789,1307,2326,1351,1523,1584,1362,742,1379,682
Philippines,Zamboanga Sibugay,75,271451,125139,122570,2298,343,457,456,684,732,541,1416,693,1708,1023,451,652,309,604,956,1634,999,1156,1227,998,552,1063,525
Philippines,Zamboanga del Norte,0,639192,639192,639192,4152,1250,1502,2284,2173,2656,1730,3843,1828,2988,2985,1389,2371,2143,3296,4980,10790,5900,4212,4000,3624,2038,3497,2072
Philippines,Zamboanga del Norte,10,639192,485136,474907,4152,1233,1480,2269,2161,2640,1723,3808,1822,2967,2967,1376,2314,2026,3005,4508,9356,5355,3552,3611,3200,1716,3059,1740
Philippines,Zamboanga del Norte,15,639192,473099,463220,4152,1231,1477,2264,2159,2636,1720,3800,1821,2961,2963,1375,2309,2013,2971,4445,9178,5270,3465,3554,3150,1676,3005,1696
Philippines,Zamboanga del Norte,20,639192,466611,460296,4152,1230,1476,2262,2157,2632,1718,3795,1819,2957,2960,1374,2306,2008,2952,4416,9083,5228,3424,3520,3122,1658,2980,1674
Philippines,Zamboanga del Norte,25,639192,462659,454988,4152,1228,1475,2259,2156,2631,1717,3793,1818,2955,2958,1373,2305,2004,2944,4402,9039,5208,3403,3503,3107,1648,2967,1663
Philippines,Zamboanga del Norte,30,639192,452252,446672,4152,1227,1473,2257,2154,2628,1715,3788,1817,2952,2955,1372,2301,1993,2905,4335,8870,5141,3328,3457,3058,1616,2917,1630
Philippines,Zamboanga del Norte,50,639192,419804,404488,4152,1211,1454,2239,2141,2599,1705,3754,1809,2929,2921,1363,2282,1963,2837,4222,8495,4980,3164,3348,2946,1536,2802,1547
Philippines,Zamboanga del Norte,75,639192,307046,311416,4152,1101,1326,2085,2021,2383,1578,3455,1700,2662,2688,1297,2153,1771,2412,3385,6275,3917,2254,2530,2168,1105,2105,1077
Philippines,Zamboanga del Sur,0,529491,529491,529491,2291,478,896,1255,796,1214,614,1695,566,1244,1891,414,730,502,1376,1595,3822,2239,1624,1601,1263,1029,1859,1160
Philippines,Zamboanga del Sur,10,529491,344048,345754,2291,473,884,1241,792,1203,611,1685,564,1235,1880,413,690,406,1014,1308,3170,1904,1359,1398,1049,864,1572,983
Philippines,Zamboanga del Sur,15,529491,333415,331614,2291,472,881,1236,791,1201,610,1682,564,1234,1876,413,687,396,975,1275,3083,1859,1323,1367,1025,844,1541,963
Philippines,Zamboanga del Sur,20,529491,327241,328743,2291,471,879,1234,790,1199,610,1680,563,1232,1874,413,685,393,959,1261,3045,1837,1306,1352,1013,834,1527,953
Philippines,Zamboanga del Sur,25,529491,323782,322743,2291,471,877,1233,790,1197,610,1678,563,1232,1873,413,685,391,952,1252,3027,1828,1300,1347,1006,829,1518,947
Philippines,Zamboanga del Sur,30,529491,314695,314297,2291,470,876,1231,789,1196,609,1675,563,1231,1870,412,681,379,907,1214,2938,1775,1259,1315,983,807,1482,925
Philippines,Zamboanga del Sur,50,529491,281156,274190,2291,462,857,1212,783,1175,604,1656,560,1218,1841,409,669,359,838,1147,2754,1668,1174,1249,920,766,1399,874
Philippines,Zamboanga del Sur,75,529491,188280,194449,2291,417,755,1100,741,1057,556,1524,522,1109,1649,380,592,244,503,792,1797,1086,764,848,611,545,987,629
